CCI,index,Annotation
0.0,AAACACCAATAACTGC-1,1/PIR
0.0,AAACAGAGCGACTCCT-1,3/CA1
0.0,AAACAGCTTTCAGAAG-1,9/COA
0.0,AAACAGGGTCTATATT-1,9/COA
0.0,AAACCGGGTAGGTACC-1,2/fxs
0.0,AAACCGTTCGTCCAGG-1,3/CA1
0.0,AAACCTCATGAAGTTG-1,2/fxs
0.0,AAACGAAGATGGAGTA-1,1/PIR
0.0,AAACGAGACGGTTGAT-1,3/CA1
0.0,AAACTCGTGATATAAG-1,6/RSP
0.0,AAACTGCTGGCTCCAA-1,3/CA1
0.0,AAACTTAATTGCACGC-1,10/I
0.0,AAACTTGCAAACGTAT-1,13/VL
0.0,AAAGACTGGGCGCTTT-1,7/MB
0.0,AAAGGCCCTATAATAC-1,1/PIR
0.0,AAAGGCTACGGACCAT-1,5/II_III_IV
0.0,AAAGGCTCTCGCGCCG-1,8/V_VIa_VIb
0.0,AAAGGGATGTAGCAAG-1,0/HYL
0.0,AAAGGGCAGCTTGAAT-1,0/HYL
0.0,AAAGTAGCATTGCTCA-1,13/VL
0.0,AAAGTCGACCCTCAGT-1,2/fxs
0.0,AAAGTGTGATTTATCT-1,5/II_III_IV
0.0,AAAGTTGACTCCCGTA-1,5/II_III_IV
0.0,AAATAACCATACGGGA-1,3/CA1
0.0,AAATACCTATAAGCAT-1,3/CA1
0.0,AAATAGCTTAGACTTT-1,5/II_III_IV
0.0,AAATAGGGTGCTATTG-1,5/II_III_IV
0.0,AAATCGCGGAAGGAGT-1,1/PIR
0.0,AAATCGTGTACCACAA-1,11/CA3
0.0,AAATGATTCGATCAGC-1,6/RSP
0.0,AAATGCTCGTTACGTT-1,7/MB
0.0,AAATGGCATGTCTTGT-1,13/VL
0.0,AAATGGCCCGTGCCCT-1,9/COA
0.0,AAATGGTCAATGTGCC-1,4/TH
0.0,AAATGTATCTTATCCC-1,0/HYL
0.0,AAATTAACGGGTAGCT-1,4/TH
0.0,AAATTAATAAGCGCGA-1,2/fxs
0.0,AAATTACACGACTCTG-1,3/CA1
0.0,AAATTACCTATCGATG-1,2/fxs
0.0,AAATTGATAGTCCTTT-1,1/PIR
0.0,AAATTTGCGGGTGTGG-1,3/CA1
0.0,AACAACTGGTAGTTGC-1,4/TH
0.0,AACAATACATTGTCGA-1,1/PIR
0.0,AACAATTACTCTACGC-1,0/HYL
0.0,AACACACGCTCGCCGC-1,10/I
0.0,AACACGAGACGCGGCC-1,13/VL
0.0,AACAGCTGTGTGGCAA-1,1/PIR
0.0,AACAGGAAATCGAATA-1,13/VL
0.0,AACAGGATGGGCCGCG-1,4/TH
0.0,AACATATCAACTGGTG-1,8/V_VIa_VIb
0.0,AACATCGATACGTCTA-1,6/RSP
0.0,AACATTGAAGTTGATC-1,10/I
0.0,AACATTGTGACTCGAG-1,5/II_III_IV
0.0,AACCAAGACTTCTCTG-1,0/HYL
0.0,AACCATGGGATCGCTA-1,7/MB
0.0,AACCCAGAGACGGAGA-1,0/HYL
0.0,AACCCATCCCATGATC-1,1/PIR
0.0,AACCCGACAACCCGTG-1,10/I
0.0,AACCCTACTGTCAATA-1,5/II_III_IV
0.0,AACCGAGCTTGGTCAT-1,3/CA1
0.0,AACCGCTAAGGGATGC-1,5/II_III_IV
0.0,AACCTTTAAATACGGT-1,6/RSP
0.0,AACCTTTACGACGTCT-1,6/RSP
0.0,AACGAAAGTCGTCCCA-1,1/PIR
0.0,AACGATAATGCCGTAG-1,6/RSP
0.0,AACGATAGAAGGGCCG-1,7/MB
0.0,AACGATATGTCAACTG-1,3/CA1
0.0,AACGCATGATCTGGGT-1,6/RSP
0.0,AACGCGACCTTGGGCG-1,10/I
0.0,AACGCGGTCTCCAGCC-1,0/HYL
0.0,AACGGACGTACGTATA-1,5/II_III_IV
0.0,AACGGCCATCTCCGGT-1,3/CA1
0.0,AACGTACTGTGGGTAC-1,11/CA3
0.0,AACGTCAGACTAGTGG-1,4/TH
0.0,AACGTGCGAAAGTCTC-1,3/CA1
0.0,AACGTTATCAGCACCT-1,0/HYL
0.0,AACTAGGCTTGGGTGT-1,8/V_VIa_VIb
0.0,AACTCAAGTTAATTGC-1,0/HYL
0.0,AACTCGATGGCGCAGT-1,7/MB
0.0,AACTCTCAATAGAGCG-1,8/V_VIa_VIb
0.0,AACTCTCAGTGTGCTC-1,3/CA1
0.0,AACTGAGTTATACTGA-1,10/I
0.0,AACTGGGTCCCGACGT-1,0/HYL
0.0,AACTTCTGCGTCTATC-1,0/HYL
0.0,AACTTGCCCGTATGCA-1,0/HYL
0.0,AACTTGCGTTCTCGCG-1,7/MB
0.0,AACTTTACGGGAGCTT-1,2/fxs
0.0,AAGAAGGATCAGTTAG-1,7/MB
0.0,AAGACCAAATAACTCA-1,10/I
0.0,AAGACCCAACTGAACA-1,6/RSP
0.0,AAGACTGCAAGCTACT-1,14/DG
0.0,AAGAGATGAATCGGTA-1,2/fxs
0.0,AAGAGCTCTTTATCGG-1,3/CA1
0.0,AAGAGGATGTACGCGA-1,0/HYL
0.0,AAGAGGCATGGATCGC-1,3/CA1
0.0,AAGATGGCACCGGACC-1,1/PIR
0.0,AAGATTGGCGGAACGT-1,2/fxs
0.0,AAGCACCCTGCGTATC-1,5/II_III_IV
0.0,AAGCATACTCTCCTGA-1,8/V_VIa_VIb
0.0,AAGCCGCCGTGAAATC-1,1/PIR
0.0,AAGCGTCCCTCATCGA-1,1/PIR
0.0,AAGCTAGATCGAGTAA-1,2/fxs
0.0,AAGCTCGTGCCAAGTC-1,3/CA1
0.0,AAGCTCTTTCATGGTG-1,5/II_III_IV
0.0,AAGGAGCGGTTGGTGC-1,4/TH
0.0,AAGGATCGATCGCTTG-1,10/I
0.0,AAGGATGAGGGACCTC-1,15/CA1-pyramidal layer of the hippocampus
0.0,AAGGCGCGTAAAGCTT-1,4/TH
0.0,AAGGCTGTGCTCATCG-1,4/TH
0.0,AAGGGAACGACTGGCT-1,1/PIR
0.0,AAGGGACAGATTCTGT-1,2/fxs
0.0,AAGGGACTATGCATTC-1,1/PIR
0.0,AAGGGTTTGATTTCAG-1,1/PIR
0.0,AAGGTATCCTAATATA-1,3/CA1
0.0,AAGGTGATAAACCAGC-1,5/II_III_IV
0.0,AAGTAGAAGACCGGGT-1,12/Parafascicular nucleus
0.0,AAGTAGTGACGCGAGG-1,0/HYL
0.0,AAGTCAATTGTCGTCA-1,5/II_III_IV
0.0,AAGTCTTCTGTGGCCT-1,9/COA
0.0,AAGTGACGACCGAATT-1,2/fxs
0.0,AAGTGAGTCGGGTTTA-1,1/PIR
0.0,AAGTGCAAAGGTAGAC-1,0/HYL
0.0,AAGTGCCTTGACTGTA-1,10/I
0.0,AAGTGTTTGGAGACGG-1,6/RSP
0.0,AAGTTCACTCCAAGCT-1,10/I
0.0,AAGTTCAGTCTGCGTA-1,6/RSP
0.0,AAGTTCGGCCAACAGG-1,2/fxs
0.0,AATAACAACGCTCGGC-1,0/HYL
0.0,AATAACACTAGAACAA-1,3/CA1
0.0,AATACAATGTTTCAGG-1,0/HYL
0.0,AATACCGGAGGGCTGT-1,10/I
0.0,AATAGAACAGAGTGGC-1,3/CA1
0.0,AATAGAATCTGTTTCA-1,6/RSP
0.0,AATAGCTACCGCGTGC-1,6/RSP
0.0,AATAGTCCGTCCCGAC-1,8/V_VIa_VIb
0.0,AATAGTCGCGAGTCGG-1,7/MB
0.0,AATATCCTAGCAAACT-1,9/COA
0.0,AATATCGAGGGTTCTC-1,8/V_VIa_VIb
0.0,AATATTGGAGTATTGA-1,2/fxs
0.0,AATCCAAGGGCCTGAG-1,7/MB
0.0,AATCGCCTCAGCGCCA-1,15/CA1-pyramidal layer of the hippocampus
0.0,AATCTAGGTTTACTTG-1,9/COA
0.0,AATCTATGCCGGAGCC-1,5/II_III_IV
0.0,AATCTCTACTGTGGTT-1,13/VL
0.0,AATCTGCGTTGGGACG-1,2/fxs
0.0,AATCTGGCTTTCTAGT-1,9/COA
0.0,AATGACAGCAATGTCT-1,2/fxs
0.0,AATGACGTAGGATGTC-1,2/fxs
0.0,AATGACTGTCAGCCGG-1,12/Parafascicular nucleus
0.0,AATGAGTTCGCATATG-1,7/MB
0.0,AATGATGATACGCTAT-1,2/fxs
0.0,AATGATGCGACTCCTG-1,8/V_VIa_VIb
0.0,AATGCAACCGGGTACC-1,0/HYL
0.0,AATGCACCAAGCAATG-1,6/RSP
0.0,AATGGTCCACCGTTCA-1,0/HYL
0.0,AATGGTTCTCACAAGC-1,12/Parafascicular nucleus
0.0,AATGTGCCCGAGGTGT-1,1/PIR
0.0,AATGTGCTAATCTGAG-1,10/I
0.0,AATTAAAGGTCGGCGT-1,4/TH
0.0,AATTAACGGATTTCCA-1,5/II_III_IV
0.0,AATTACGAGACCCATC-1,1/PIR
0.0,AATTAGCGCTGCAGCG-1,2/fxs
0.0,AATTCATAAGGGATCT-1,2/fxs
0.0,AATTCATTGTCATGCA-1,10/I
0.0,AATTCCAAGCATGTAC-1,10/I
0.0,AATTCTAGAGTTAGGC-1,11/CA3
0.0,AATTGAACGCTCTGGT-1,8/V_VIa_VIb
0.0,AATTTGGGACATAGTA-1,6/RSP
0.0,ACAAACCATGCGTCCT-1,1/PIR
0.0,ACAAAGAAGGTAGGCC-1,9/COA
0.0,ACAAATCGCACCGAAT-1,6/RSP
0.0,ACAAATGGTAGTGTTT-1,8/V_VIa_VIb
0.0,ACAACAGCATGAGCTA-1,14/DG
0.0,ACAACGGTCCCTGCGA-1,4/TH
0.0,ACAAGCAGTGCCTAGC-1,0/HYL
0.0,ACAAGCTATATGGAAG-1,9/COA
0.0,ACAAGGAAATCCGCCC-1,8/V_VIa_VIb
0.0,ACAAGGACAAGAGGTT-1,4/TH
0.0,ACAAGGGCAGGCTCTG-1,3/CA1
0.0,ACAATAGTCGTACGTT-1,13/VL
0.0,ACAATCCATTTAAACC-1,0/HYL
0.0,ACAATGAATACGGAGA-1,1/PIR
0.0,ACAATTTAGGAGGCTC-1,2/fxs
0.0,ACAATTTGAGCAGTGG-1,3/CA1
0.0,ACACAAAGACGGGTGG-1,0/HYL
0.0,ACACACCAGGACCAGT-1,6/RSP
0.0,ACACATGATCAAATCT-1,1/PIR
0.0,ACACCCAGCATGCAGC-1,4/TH
0.0,ACACCCGAGAAATCCG-1,12/Parafascicular nucleus
0.0,ACACCGAGCGCTCTTT-1,7/MB
0.0,ACACCGGTCTGACCGC-1,1/PIR
0.0,ACACCTTAAGTAGGGC-1,4/TH
0.0,ACACGAGACTCCTTCT-1,14/DG
0.0,ACACGGGAACTTAGGG-1,14/DG
0.0,ACACTCCAATGTCACT-1,7/MB
0.0,ACACTGATCAAGGTGT-1,3/CA1
0.0,ACAGAACTGAGAACAA-1,9/COA
0.0,ACAGGCTTGCCCGACT-1,5/II_III_IV
0.0,ACAGGTGGAGGTGAGG-1,3/CA1
0.0,ACAGGTGTGTTGTTGC-1,9/COA
0.0,ACAGTAATACAACTTG-1,9/COA
0.0,ACATAAGTCGTGGTGA-1,1/PIR
0.0,ACATAATAAGGCGGTG-1,0/HYL
0.0,ACATCAGCTGGGACGC-1,0/HYL
0.0,ACATCCCGGCCATACG-1,8/V_VIa_VIb
0.0,ACATCCTGGTAACTGT-1,5/II_III_IV
0.0,ACATCGATCGTTTACC-1,11/CA3
0.0,ACATCGGTCAGCCGCG-1,0/HYL
0.0,ACATCGTATGCAATGG-1,8/V_VIa_VIb
0.0,ACATGGCGCCAAAGTA-1,5/II_III_IV
0.0,ACATTAGTTTATATCC-1,2/fxs
0.0,ACCAAACACCCAGCGA-1,6/RSP
0.0,ACCAACACCACACACT-1,6/RSP
0.0,ACCAACGCTTATTTAT-1,2/fxs
0.0,ACCAAGAACGCGTGTC-1,7/MB
0.0,ACCAATATGCAAGTTA-1,5/II_III_IV
0.0,ACCACAAGTTTCTATC-1,4/TH
0.0,ACCACCAATGTAACAA-1,10/I
0.0,ACCACGTGCAGCTATA-1,8/V_VIa_VIb
0.0,ACCAGACCATAACAAC-1,9/COA
0.0,ACCAGTGCGGGAGACG-1,5/II_III_IV
0.0,ACCATATCCGCAATAA-1,4/TH
0.0,ACCATCCGCCAACTAG-1,9/COA
0.0,ACCATCGTATATGGTA-1,0/HYL
0.0,ACCATTAAGGGTGTCA-1,7/MB
0.0,ACCCAACGCCCGTGGC-1,3/CA1
0.0,ACCCACCTACATGCTC-1,0/HYL
0.0,ACCCATCTTGAGGGTA-1,0/HYL
0.0,ACCCGAGCGAAATTAC-1,1/PIR
0.0,ACCCGGAAACTCCCAG-1,6/RSP
0.0,ACCCGGATGACGCATC-1,5/II_III_IV
0.0,ACCCGGTTACACTTCC-1,2/fxs
0.0,ACCCGTGTCATCAGTA-1,6/RSP
0.0,ACCCTATAGGACTGAG-1,7/MB
0.0,ACCCTATGCCATATCG-1,2/fxs
0.0,ACCCTCCCTTGCTATT-1,6/RSP
0.0,ACCCTGGTAACGCCCT-1,5/II_III_IV
0.0,ACCGAAGAGTCTGGTT-1,1/PIR
0.0,ACCGACACATCTCCCA-1,5/II_III_IV
0.0,ACCGACTGAGTCCCAC-1,2/fxs
0.0,ACCGATGGTAGCATCG-1,8/V_VIa_VIb
0.0,ACCGCAATAACTGCCT-1,6/RSP
0.0,ACCGGGCCTTTGTTGA-1,5/II_III_IV
0.0,ACCGGTCAGGTACACC-1,1/PIR
0.0,ACCGTCCACTGGGCCC-1,10/I
0.0,ACCGTGACCACGTGGG-1,1/PIR
0.0,ACCTAAGTACCTTTCA-1,2/fxs
0.0,ACCTAATCGACTTCCT-1,0/HYL
0.0,ACCTCCGTTATTCACC-1,10/I
0.0,ACCTCGAACTTATGCT-1,10/I
0.0,ACCTGCGTGTCATGTT-1,13/VL
0.0,ACGAAATGGGCGGCAC-1,0/HYL
0.0,ACGACTGGTCATACTC-1,1/PIR
0.0,ACGAGGATACCACTCT-1,9/COA
0.0,ACGAGGTTTACAACGT-1,1/PIR
0.0,ACGAGTACGGATGCCC-1,6/RSP
0.0,ACGATACATAGAACTA-1,3/CA1
0.0,ACGATACCTATCCTGA-1,9/COA
0.0,ACGATCATACATAGAG-1,0/HYL
0.0,ACGATCATCTTGTAAA-1,5/II_III_IV
0.0,ACGATGCATATGTTAT-1,0/HYL
0.0,ACGCAAACTAATAGAT-1,1/PIR
0.0,ACGCAATCACTACAGC-1,6/RSP
0.0,ACGCATTCGTGAGTAC-1,4/TH
0.0,ACGCCAGATGATTTCT-1,3/CA1
0.0,ACGCCGCTAGACGACC-1,3/CA1
0.0,ACGCGAAGTCAGACGA-1,11/CA3
0.0,ACGCGCTACACAGGGT-1,0/HYL
0.0,ACGCGGGCCAAGGACA-1,4/TH
0.0,ACGCGTTTCTTAAGAG-1,2/fxs
0.0,ACGCTAGTGATACACT-1,8/V_VIa_VIb
0.0,ACGCTGTGAGGCGTAG-1,13/VL
0.0,ACGGAATTTAGCAAAT-1,7/MB
0.0,ACGGACTCTCAAAGCG-1,10/I
0.0,ACGGAGCGCAAATTAC-1,6/RSP
0.0,ACGGATGGTGCGGATA-1,5/II_III_IV
0.0,ACGGCACTTGCTTGGG-1,2/fxs
0.0,ACGGCCAACATGGACT-1,2/fxs
0.0,ACGGCGACGATGGGAA-1,8/V_VIa_VIb
0.0,ACGGCTGGATGTAGAA-1,1/PIR
0.0,ACGGGAGTGTCGGCCC-1,13/VL
0.0,ACGGGTCATGTGACTT-1,7/MB
0.0,ACGTAGATTGCTGATG-1,14/DG
0.0,ACGTATTACTCCGATC-1,5/II_III_IV
0.0,ACGTCTCGTTCCGGGA-1,9/COA
0.0,ACGTGACAAAGTAAGT-1,1/PIR
0.0,ACGTGCGCCTCGTGCA-1,7/MB
0.0,ACGTTAATGTCGAAGA-1,3/CA1
0.0,ACGTTAGATTTGCCCG-1,0/HYL
0.0,ACGTTATTGGTCACTC-1,0/HYL
0.0,ACGTTCGCAATCAATT-1,10/I
0.0,ACGTTCGTTCAGGAAA-1,1/PIR
0.0,ACTACATCCCGACAAG-1,1/PIR
0.0,ACTACCAGCTCTCTGG-1,4/TH
0.0,ACTACGCGTTAGAATT-1,5/II_III_IV
0.0,ACTATCCAGGGCATGG-1,10/I
0.0,ACTATCGCCGGCTAAA-1,7/MB
0.0,ACTATGTCCAGCTGCC-1,1/PIR
0.0,ACTATTTCCGGGCCCA-1,1/PIR
0.0,ACTCAATAAAGGCACG-1,3/CA1
0.0,ACTCCAATATCATCAT-1,1/PIR
0.0,ACTCCCGAATTCGTTT-1,5/II_III_IV
0.0,ACTCCCTAATGCTAAA-1,5/II_III_IV
0.0,ACTCCCTAGAATAGTA-1,2/fxs
0.0,ACTCGATGTATTTCAT-1,0/HYL
0.0,ACTCGTCAGTAATCCC-1,3/CA1
0.0,ACTCTAAACCTGGGAT-1,2/fxs
0.0,ACTCTCTGACTTAGGT-1,3/CA1
0.0,ACTCTTGTATAGTAAC-1,14/DG
0.0,ACTGAATGGCGAAAGT-1,6/RSP
0.0,ACTGCCGTCGTAACTC-1,10/I
0.0,ACTGCTCGGAAGGATG-1,1/PIR
0.0,ACTGTACGATACACAT-1,3/CA1
0.0,ACTGTAGCACTTTGGA-1,4/TH
0.0,ACTGTCCAGGATTATA-1,4/TH
0.0,ACTGTCTTCTTTAGAA-1,4/TH
0.0,ACTGTGCTAGTAGATC-1,7/MB
0.0,ACTTACGCATCCACGC-1,5/II_III_IV
0.0,ACTTAGTACGACAAGA-1,7/MB
0.0,ACTTATACTTACCCGG-1,2/fxs
0.0,ACTTATTAGGATCGGT-1,4/TH
0.0,ACTTATTTATGTGCCA-1,6/RSP
0.0,ACTTCAGGCTGATCCC-1,6/RSP
0.0,ACTTCCAGTGGAAGCT-1,1/PIR
0.0,ACTTCGCCATACGCAC-1,14/DG
0.0,ACTTGACTCCCTCTTT-1,3/CA1
0.0,ACTTGGGACCCGGTGG-1,4/TH
0.0,ACTTGTAGTCCCTTCA-1,9/COA
0.0,ACTTTACCCTCATGAA-1,5/II_III_IV
0.0,ACTTTCCTATAGCTTC-1,4/TH
0.0,ACTTTGACTGCATCCT-1,13/VL
0.0,ACTTTGGTCGTGCTCC-1,1/PIR
0.0,AGAACCCTCAATTGGG-1,1/PIR
0.0,AGAACGTGGTACATTC-1,14/DG
0.0,AGAAGAGCGCCGTTCC-1,10/I
0.0,AGAAGGTACACTTCAC-1,9/COA
0.0,AGAAGGTTGCCGAATT-1,0/HYL
0.0,AGAAGTGATTCGTGAT-1,13/VL
0.0,AGAATTATGGATTCGA-1,8/V_VIa_VIb
0.0,AGAATTGTTTGACATA-1,0/HYL
0.0,AGACAGCTCAGAATCC-1,7/MB
0.0,AGACCAAACCACACCT-1,9/COA
0.0,AGACCATGGGATACAA-1,4/TH
0.0,AGACCCACCGCTGATC-1,2/fxs
0.0,AGACCCGCCCTCCTCG-1,4/TH
0.0,AGACGAAGTGCCGGTC-1,10/I
0.0,AGACGACGATGCCGCT-1,2/fxs
0.0,AGACTAGCCTTCCAGA-1,4/TH
0.0,AGACTGTTACCGGGTC-1,1/PIR
0.0,AGAGAACCGTCTAGGA-1,3/CA1
0.0,AGAGAAGGAGTACAAT-1,1/PIR
0.0,AGAGATCTCTAAAGCG-1,2/fxs
0.0,AGAGCAGTTATGAGAC-1,0/HYL
0.0,AGAGCGGGCTAATCAT-1,2/fxs
0.0,AGAGCGTACAAGCTCG-1,4/TH
0.0,AGATAACTTCAGGGCC-1,4/TH
0.0,AGATACCGGTGTTCAC-1,0/HYL
0.0,AGATACGACTTCATAT-1,0/HYL
0.0,AGATACTCAAGATCGA-1,8/V_VIa_VIb
0.0,AGATCGTGCATAAGAT-1,8/V_VIa_VIb
0.0,AGATCTCAGGTGTGAT-1,14/DG
0.0,AGATGACTCGCCCACG-1,0/HYL
0.0,AGATGAGGGTTGCGAT-1,3/CA1
0.0,AGATGATGGAGTCTGG-1,5/II_III_IV
0.0,AGATGCAAGACGTGCA-1,1/PIR
0.0,AGATGCATCCTGTGTC-1,9/COA
0.0,AGATGCTATAACGAGC-1,7/MB
0.0,AGATTATAGGACGTTT-1,4/TH
0.0,AGATTCACAACCGATA-1,1/PIR
0.0,AGCAAAGGCCGCTAGT-1,5/II_III_IV
0.0,AGCAACATATCTTATT-1,6/RSP
0.0,AGCAACCGAAAGTAAT-1,1/PIR
0.0,AGCACCAGTACTCACG-1,0/HYL
0.0,AGCACTACCGGCCTGT-1,0/HYL
0.0,AGCACTACCTCACCAG-1,5/II_III_IV
0.0,AGCACTTAAGGACGCC-1,4/TH
0.0,AGCAGCCAGATGAATA-1,8/V_VIa_VIb
0.0,AGCATATCAATATGCT-1,10/I
0.0,AGCATCATTTCGAAAG-1,9/COA
0.0,AGCATCGTCGATAATT-1,0/HYL
0.0,AGCCAAGCTTTGTGTC-1,5/II_III_IV
0.0,AGCCACTCCCGTGCTT-1,3/CA1
0.0,AGCCCATACATGTAAG-1,2/fxs
0.0,AGCCCGGCATTAGAGG-1,1/PIR
0.0,AGCCCGGTAGCCTGTA-1,1/PIR
0.0,AGCCCTCCCTGGTGGC-1,10/I
0.0,AGCCCTTCTAATCCGA-1,6/RSP
0.0,AGCCGCAAATTCAAAT-1,9/COA
0.0,AGCCGCTTGATTAGCG-1,7/MB
0.0,AGCCTAATACCCACGT-1,9/COA
0.0,AGCCTTAAAGCGGAAG-1,0/HYL
0.0,AGCGACAGGAACGGTC-1,3/CA1
0.0,AGCGACATCCCATTCA-1,7/MB
0.0,AGCGACCAACGATATT-1,4/TH
0.0,AGCGCATAATGAATCG-1,8/V_VIa_VIb
0.0,AGCGCGGGTGCCAATG-1,2/fxs
0.0,AGCGGACACTTCGTAG-1,5/II_III_IV
0.0,AGCGGCGGTTAGCGGT-1,1/PIR
0.0,AGCGGGAAGGGTCCAT-1,7/MB
0.0,AGCGGTTGCCGCTCTG-1,10/I
0.0,AGCGTGGTATTCTACT-1,15/CA1-pyramidal layer of the hippocampus
0.0,AGCTAACAAGCAATGT-1,1/PIR
0.0,AGCTAGAAGCAGAAGT-1,8/V_VIa_VIb
0.0,AGCTATTTAATCCAAC-1,3/CA1
0.0,AGCTCCTTCGCACATC-1,5/II_III_IV
0.0,AGCTCTAGACGTTCCA-1,3/CA1
0.0,AGCTCTTCCCAGTGCA-1,2/fxs
0.0,AGCTCTTCGTAACCTT-1,5/II_III_IV
0.0,AGCTCTTTACTCAGTT-1,0/HYL
0.0,AGCTGAAGTAAACCAA-1,2/fxs
0.0,AGCTGTAACCTCAATC-1,9/COA
0.0,AGCTTGATCTTAACTT-1,2/fxs
0.0,AGGAACGAACGACTTC-1,1/PIR
0.0,AGGAAGCTGTCCGCCG-1,5/II_III_IV
0.0,AGGACAGTCGAATCCC-1,8/V_VIa_VIb
0.0,AGGACATCGCACGTCG-1,2/fxs
0.0,AGGACATCGGCACACT-1,1/PIR
0.0,AGGACGACCCATTAGA-1,2/fxs
0.0,AGGACGCTCGATGTTG-1,6/RSP
0.0,AGGACTTATAGGAGAA-1,7/MB
0.0,AGGATAAAGTCGGGAT-1,8/V_VIa_VIb
0.0,AGGATATAGGGATTTA-1,5/II_III_IV
0.0,AGGATCACGCGATCTG-1,9/COA
0.0,AGGCAGATGCGTAAAC-1,15/CA1-pyramidal layer of the hippocampus
0.0,AGGCAGGGAGCGTACT-1,8/V_VIa_VIb
0.0,AGGCATTGTCGTAGGG-1,10/I
0.0,AGGCCACCCGTTATGA-1,4/TH
0.0,AGGCCCATTGTACAGG-1,7/MB
0.0,AGGCGGTTTGTCCCGC-1,1/PIR
0.0,AGGCGTCTATGGACGG-1,5/II_III_IV
0.0,AGGCTATGGTTAGCTT-1,4/TH
0.0,AGGCTTCCCGAAGAAG-1,11/CA3
0.0,AGGCTTGCTAGACACC-1,0/HYL
0.0,AGGGAAACGAGGTACT-1,6/RSP
0.0,AGGGACCGGCTGCGTT-1,10/I
0.0,AGGGACTCTACGCGAC-1,8/V_VIa_VIb
0.0,AGGGAGACATACTTCG-1,10/I
0.0,AGGGCGAGCAGCTGAT-1,13/VL
0.0,AGGGCGTGATCGGCTA-1,12/Parafascicular nucleus
0.0,AGGGCTGCAGTTACAG-1,11/CA3
0.0,AGGGTCAGAGCACTCG-1,10/I
0.0,AGGGTCAGTAACCCTA-1,10/I
0.0,AGGGTCGATGCGAACT-1,6/RSP
0.0,AGGGTGCCGTTCTTTA-1,1/PIR
0.0,AGGGTGCTCTCGAGGG-1,8/V_VIa_VIb
0.0,AGGGTGGATAGTGCAT-1,0/HYL
0.0,AGGGTTCCCTTTGGTT-1,15/CA1-pyramidal layer of the hippocampus
0.0,AGGGTTTAGTTCGGGA-1,4/TH
0.0,AGGTAACCTCCTATTC-1,7/MB
0.0,AGGTAGATCGAGATAT-1,1/PIR
0.0,AGGTAGGTACAAAGCT-1,0/HYL
0.0,AGGTATAATTGATAGT-1,5/II_III_IV
0.0,AGGTCGCGGAGTTACT-1,6/RSP
0.0,AGGTGGTGACCTTCGC-1,5/II_III_IV
0.0,AGGTGTATCGCCATGA-1,2/fxs
0.0,AGGTGTTGCCGACCAC-1,1/PIR
0.0,AGGTTGAGGCACGCTT-1,3/CA1
0.0,AGGTTTCACACACCTT-1,3/CA1
0.0,AGTAATGTCTTGCCGC-1,7/MB
0.0,AGTACATCATTTATCA-1,5/II_III_IV
0.0,AGTACGGCCCGTATCG-1,2/fxs
0.0,AGTACGGGCACCTGGC-1,3/CA1
0.0,AGTAGGAAGGAAGTTG-1,6/RSP
0.0,AGTAGGTAACATACAT-1,7/MB
0.0,AGTATAATACTAGGCA-1,4/TH
0.0,AGTATACACAGCGACA-1,5/II_III_IV
0.0,AGTATGCTGGAGACCA-1,1/PIR
0.0,AGTATTTGGCACGACC-1,6/RSP
0.0,AGTCAAATGATGTGAT-1,10/I
0.0,AGTCAACACCACCATC-1,0/HYL
0.0,AGTCAAGATGACACTT-1,5/II_III_IV
0.0,AGTCAGCCACCGCCTG-1,7/MB
0.0,AGTCCATTGGCTGATG-1,5/II_III_IV
0.0,AGTCCCGCCTTTAATT-1,6/RSP
0.0,AGTCGACGGTCTCAAG-1,8/V_VIa_VIb
0.0,AGTCGGCCCAAACGAC-1,4/TH
0.0,AGTCTAAAGTATACTC-1,5/II_III_IV
0.0,AGTCTCACAAGACTAC-1,1/PIR
0.0,AGTCTGGACATCCTTG-1,0/HYL
0.0,AGTCTTCTCCTCAAAT-1,0/HYL
0.0,AGTGAACAAACTTCTC-1,5/II_III_IV
0.0,AGTGACCTACTTTACG-1,11/CA3
0.0,AGTGACTGTGACACAA-1,10/I
0.0,AGTGAGACTTCCAGTA-1,3/CA1
0.0,AGTGAGCCTCGCCGCC-1,6/RSP
0.0,AGTGATATGAGTAGTT-1,11/CA3
0.0,AGTGATTCAAGCAGGA-1,15/CA1-pyramidal layer of the hippocampus
0.0,AGTGCGTAGCTCGTAA-1,11/CA3
0.0,AGTGCTTGCACGAATA-1,8/V_VIa_VIb
0.0,AGTGGCGGCAATTTGA-1,2/fxs
0.0,AGTGGCTCCGTCGGCC-1,13/VL
0.0,AGTGGTGTTACCCGTG-1,9/COA
0.0,AGTGGTTGCGTATAGG-1,9/COA
0.0,AGTGTATTGCGCATTG-1,6/RSP
0.0,AGTGTGCTAAGATCGC-1,7/MB
0.0,AGTGTGGTCTATTGTG-1,0/HYL
0.0,AGTTAAACACTTGCGA-1,0/HYL
0.0,AGTTAAGCGGTCCCGG-1,6/RSP
0.0,AGTTACCCTTAAGACT-1,7/MB
0.0,AGTTACCGCACATGGT-1,0/HYL
0.0,AGTTACTCTATCGTGG-1,6/RSP
0.0,AGTTCACCGGTTGGAC-1,0/HYL
0.0,AGTTCCTACAGAATTA-1,4/TH
0.0,AGTTCCTATTTATGTT-1,3/CA1
0.0,AGTTCTGCGTTGTATC-1,7/MB
0.0,AGTTGACGGTCCTTGC-1,10/I
0.0,AGTTGCTGACTGATAT-1,7/MB
0.0,AGTTTGCACCTGCCTC-1,5/II_III_IV
0.0,AGTTTGGCCAGACCTA-1,2/fxs
0.0,ATAAACGGACCCGTAA-1,11/CA3
0.0,ATAAAGGCTCGGTCGT-1,4/TH
0.0,ATAAATATTAGCAGCT-1,0/HYL
0.0,ATAACGCCGGAGGGTC-1,3/CA1
0.0,ATAACGGAGTCCAACG-1,3/CA1
0.0,ATAAGGTGGAGAACAT-1,8/V_VIa_VIb
0.0,ATAAGTAGGATTCAGA-1,6/RSP
0.0,ATAAGTAGGGCGACTC-1,5/II_III_IV
0.0,ATAAGTTACCGCGACG-1,11/CA3
0.0,ATAATACCGTTAGCCG-1,7/MB
0.0,ATAATAGCTGTTGAAT-1,11/CA3
0.0,ATAATAGTGTAGGGAC-1,12/Parafascicular nucleus
0.0,ATAATTAGCTAAGTAG-1,10/I
0.0,ATACAGGCCCTCCAAT-1,5/II_III_IV
0.0,ATACCACGGGCAACTT-1,0/HYL
0.0,ATACCTAACCAAGAAA-1,6/RSP
0.0,ATACGCCGGCGAAACC-1,15/CA1-pyramidal layer of the hippocampus
0.0,ATACGGAACGTCGTTT-1,1/PIR
0.0,ATACGGGTTTCGATTG-1,6/RSP
0.0,ATACGGTGAAGATGCA-1,2/fxs
0.0,ATACGTACTTAGCCAC-1,5/II_III_IV
0.0,ATACGTCCACTCCTGT-1,5/II_III_IV
0.0,ATACGTTATGCACGGA-1,5/II_III_IV
0.0,ATACTAGCATGACCCT-1,0/HYL
0.0,ATACTTGTTCTCGAGC-1,2/fxs
0.0,ATAGACAACGGGACCT-1,2/fxs
0.0,ATAGACGAAGAGAAAG-1,4/TH
0.0,ATAGAGTACTGGGACA-1,4/TH
0.0,ATAGAGTTATCAACTT-1,2/fxs
0.0,ATAGCCTCAGTACCCA-1,7/MB
0.0,ATAGCTGCTCTTGTTA-1,0/HYL
0.0,ATAGGCGGCTATAGAA-1,2/fxs
0.0,ATAGGCTAGCTTCGCA-1,8/V_VIa_VIb
0.0,ATAGGGATATCCTTGA-1,3/CA1
0.0,ATAGGTTGGGCAGATG-1,0/HYL
0.0,ATAGTGAAGCGTTCTC-1,11/CA3
0.0,ATAGTTCCACCCACTC-1,5/II_III_IV
0.0,ATATAAAGCGCTCGTG-1,5/II_III_IV
0.0,ATATAAATGTAGCTGC-1,6/RSP
0.0,ATATACATGTATGGTA-1,9/COA
0.0,ATATAGAGTATTGGTC-1,10/I
0.0,ATATCAACCTACAGAG-1,5/II_III_IV
0.0,ATATCAATTCCAGCCT-1,1/PIR
0.0,ATATCGGTAGGGAGAT-1,10/I
0.0,ATATCTCCCTCGTTAA-1,2/fxs
0.0,ATATCTTAGGGCCTTC-1,4/TH
0.0,ATATGTCTCCCTAGCC-1,6/RSP
0.0,ATATTCAGTTAAACCT-1,2/fxs
0.0,ATATTCCACATAGTGA-1,6/RSP
0.0,ATATTGCTGTCAAAGT-1,12/Parafascicular nucleus
0.0,ATATTTAACCCTCAAG-1,4/TH
0.0,ATCAAACGAAGGTTTG-1,3/CA1
0.0,ATCAATCTGGGCTGCA-1,4/TH
0.0,ATCAATGCCGTGGCTG-1,1/PIR
0.0,ATCACATTAGAATATC-1,2/fxs
0.0,ATCACGTGCTAATTAA-1,3/CA1
0.0,ATCACTTCATCCTCGC-1,0/HYL
0.0,ATCAGACGGCACGCCG-1,2/fxs
0.0,ATCAGCTCGTCCACTA-1,9/COA
0.0,ATCAGTAGGCAGGGAT-1,2/fxs
0.0,ATCATCCAATATTTGT-1,11/CA3
0.0,ATCCAACGCAGTCATA-1,4/TH
0.0,ATCCAATGGAGGGTCC-1,2/fxs
0.0,ATCCAATGGTACCGAA-1,9/COA
0.0,ATCCACATCGACAGAA-1,10/I
0.0,ATCCAGAGCAACAACC-1,11/CA3
0.0,ATCCAGGATTCGTGAA-1,0/HYL
0.0,ATCCCATCCACAGCGC-1,1/PIR
0.0,ATCCGGACCAGCCTGA-1,1/PIR
0.0,ATCCTACCTAAGCTCT-1,11/CA3
0.0,ATCCTGAATCGCTGCG-1,0/HYL
0.0,ATCCTGCGTGGAATGG-1,11/CA3
0.0,ATCGACCCAATACAGA-1,11/CA3
0.0,ATCGACTCTTTCCGTT-1,0/HYL
0.0,ATCGCACGCCGGGAGA-1,0/HYL
0.0,ATCGCTGCGTGCAGCA-1,5/II_III_IV
0.0,ATCGGAGACAGACGGC-1,6/RSP
0.0,ATCGGCAAGCAGTCCA-1,8/V_VIa_VIb
0.0,ATCGGTTACCTAGTAA-1,2/fxs
0.0,ATCGTATTCCGAGAAC-1,2/fxs
0.0,ATCGTGGAAAGTCTGG-1,1/PIR
0.0,ATCTAATATCCTACGG-1,6/RSP
0.0,ATCTCCCTGCAATCTA-1,10/I
0.0,ATCTGACATGGAAGGA-1,1/PIR
0.0,ATCTGATAGTGTCTTA-1,7/MB
0.0,ATCTGCACCTCTGCGA-1,6/RSP
0.0,ATCTGGGCTGTTCTTG-1,5/II_III_IV
0.0,ATCTGGTTAAGACTGT-1,3/CA1
0.0,ATCTGTAATTGTACCC-1,7/MB
0.0,ATCTTGACCTGCAACG-1,4/TH
0.0,ATCTTGACTTGTCCAA-1,5/II_III_IV
0.0,ATGAAGCCAAGGAGCC-1,12/Parafascicular nucleus
0.0,ATGAAGTGGACCCAGC-1,2/fxs
0.0,ATGACGCCGGCTCTAA-1,7/MB
0.0,ATGACTATCAGCTGTG-1,1/PIR
0.0,ATGACTATGCGACATT-1,6/RSP
0.0,ATGAGGAGTGTTAATC-1,4/TH
0.0,ATGATCGGGAATAGAC-1,7/MB
0.0,ATGATGCAATGGTACA-1,11/CA3
0.0,ATGCACCTTCCTTAAT-1,7/MB
0.0,ATGCACGCGCTGTTCA-1,1/PIR
0.0,ATGCACTACCGCATTG-1,4/TH
0.0,ATGCATGATCCAGGAT-1,0/HYL
0.0,ATGCCAATCGCTCTGC-1,6/RSP
0.0,ATGCCATTTGCGACCA-1,6/RSP
0.0,ATGCCGGTCTTGCATA-1,14/DG
0.0,ATGCCGGTTGATGGGA-1,2/fxs
0.0,ATGCGACAATTGGTCC-1,3/CA1
0.0,ATGCGACAGTCCCATT-1,14/DG
0.0,ATGCTCAGTGTTGCAT-1,4/TH
0.0,ATGCTCTGGCGCGGTA-1,10/I
0.0,ATGGAAATTTAAGGAG-1,1/PIR
0.0,ATGGAGCAGGCCGTGA-1,11/CA3
0.0,ATGGATCCGGCGTCCG-1,6/RSP
0.0,ATGGATTGACCAAACG-1,4/TH
0.0,ATGGCAGCATTACGAT-1,1/PIR
0.0,ATGGCAGCCGAGAAAC-1,2/fxs
0.0,ATGGGACCTGCTGAAC-1,1/PIR
0.0,ATGGGCCTCGGCCTCT-1,6/RSP
0.0,ATGGGTGTATACCTCC-1,1/PIR
0.0,ATGGTCGCGTGGTTTC-1,8/V_VIa_VIb
0.0,ATGTAAGGCTGCTCTT-1,10/I
0.0,ATGTCATTTCCCATTG-1,0/HYL
0.0,ATGTGAAAGCCTAATG-1,13/VL
0.0,ATGTGCATCCGACGCA-1,0/HYL
0.0,ATGTGGACATCTTGAT-1,2/fxs
0.0,ATGTTACGAGCAATAC-1,7/MB
0.0,ATGTTCCTGCCCACCT-1,0/HYL
0.0,ATGTTCGTCGACCCAC-1,2/fxs
0.0,ATGTTGTAGTCTGTTT-1,1/PIR
0.0,ATTAAACATGCGGACC-1,11/CA3
0.0,ATTAACACCTGAGATA-1,7/MB
0.0,ATTAATACTACGCGGG-1,0/HYL
0.0,ATTAATGAACCAGTCG-1,15/CA1-pyramidal layer of the hippocampus
0.0,ATTACGCGCTGGCAGG-1,0/HYL
0.0,ATTACTAGCCTCTTGC-1,12/Parafascicular nucleus
0.0,ATTACTTACTGGGCAT-1,8/V_VIa_VIb
0.0,ATTAGATTCCTCAGCA-1,6/RSP
0.0,ATTAGATTGATAGCGG-1,12/Parafascicular nucleus
0.0,ATTAGGCGATGCTTTC-1,3/CA1
0.0,ATTATACTTTGCTCGT-1,6/RSP
0.0,ATTATGCCATAGGGAG-1,0/HYL
0.0,ATTATTATGTCCGTCA-1,1/PIR
0.0,ATTCACTGATGTTGGA-1,6/RSP
0.0,ATTCAGGACCTATTTC-1,6/RSP
0.0,ATTCAGTAGCAGGGTC-1,0/HYL
0.0,ATTCATATACTGTCCA-1,11/CA3
0.0,ATTCCCACATAAACAA-1,0/HYL
0.0,ATTCCCGAAGGTACAG-1,10/I
0.0,ATTCCTAAGACGTGGA-1,6/RSP
0.0,ATTCCTCCGCCAGTGC-1,12/Parafascicular nucleus
0.0,ATTCGACGCCGGGCCT-1,0/HYL
0.0,ATTGAAGATCTTAGTG-1,4/TH
0.0,ATTGACCGGCGATGAC-1,6/RSP
0.0,ATTGATAGCAACGAGA-1,7/MB
0.0,ATTGATCACCACATTT-1,9/COA
0.0,ATTGATGAGTCCTAAC-1,6/RSP
0.0,ATTGCCTATTAGACCG-1,10/I
0.0,ATTGCTGCTCCTCCAT-1,4/TH
0.0,ATTGGGAATATCTTGG-1,9/COA
0.0,ATTGGTAGGATCCGCT-1,7/MB
0.0,ATTGTACAACTCGGCT-1,5/II_III_IV
0.0,ATTGTCGCAATACCTT-1,6/RSP
0.0,ATTTAACTCGTATTAC-1,7/MB
0.0,ATTTACAGTTTACTGG-1,4/TH
0.0,ATTTACTAAGTCCATT-1,5/II_III_IV
0.0,ATTTCATTATTTCGCG-1,3/CA1
0.0,ATTTCCGGGTTCTGCG-1,2/fxs
0.0,ATTTGCGCGAGTAGCT-1,2/fxs
0.0,ATTTGGAGATTGCGGT-1,1/PIR
0.0,ATTTGTCTTGGGAGCT-1,9/COA
0.0,ATTTGTTCCAGGGCTC-1,3/CA1
0.0,CAAACCAGGTCTGCAT-1,9/COA
0.0,CAAACGAGTATCGCAG-1,11/CA3
0.0,CAAACGGTCGCACTTT-1,4/TH
0.0,CAAAGATTATTGGGCC-1,1/PIR
0.0,CAAATGTCCTTCCGTG-1,11/CA3
0.0,CAAATTGGATTATGCC-1,5/II_III_IV
0.0,CAACCGCACCTAGACA-1,7/MB
0.0,CAACGACCCGTTTACA-1,12/Parafascicular nucleus
0.0,CAACGGTTCTTGATAC-1,12/Parafascicular nucleus
0.0,CAACTATATCGAATGC-1,6/RSP
0.0,CAACTCCTTGATCCCG-1,12/Parafascicular nucleus
0.0,CAACTGCTCATCCGAT-1,6/RSP
0.0,CAAGAGGGCGGAGTAC-1,2/fxs
0.0,CAAGATATTATAACGT-1,6/RSP
0.0,CAAGCAACGTCGGAGT-1,4/TH
0.0,CAAGCACCAAATGCCT-1,7/MB
0.0,CAAGCGGCACATAATT-1,6/RSP
0.0,CAAGGATCGCATGTTC-1,3/CA1
0.0,CAAGGTCCTATAGGCT-1,5/II_III_IV
0.0,CAAGTGTGGTTGCAAA-1,6/RSP
0.0,CAATAAACCTTGGCCC-1,14/DG
0.0,CAATATTCTTGACCTA-1,2/fxs
0.0,CAATCCTGCCGTGGAG-1,7/MB
0.0,CAATGCGAGAAGTATC-1,5/II_III_IV
0.0,CAATGGATCTCTACCA-1,3/CA1
0.0,CAATTAAGGGTGATGA-1,0/HYL
0.0,CAATTGGGCCGCACTC-1,1/PIR
0.0,CAATTTCGTATAAGGG-1,11/CA3
0.0,CACAAGAAAGATATTA-1,6/RSP
0.0,CACAATGAGCTGCTAT-1,2/fxs
0.0,CACACAGGGATAGATT-1,0/HYL
0.0,CACACGCGCTGTCTTA-1,3/CA1
0.0,CACAGAGACGAGGACG-1,1/PIR
0.0,CACAGCACCCACGGCA-1,4/TH
0.0,CACAGCTAGGGAGTGA-1,0/HYL
0.0,CACAGGGCCGTTGTCA-1,5/II_III_IV
0.0,CACATATTAGCAGGAT-1,2/fxs
0.0,CACATCGTGCACGCGC-1,1/PIR
0.0,CACATCTCACCGACGA-1,5/II_III_IV
0.0,CACATGATTCAGCAAC-1,11/CA3
0.0,CACATTCTTTCGATGG-1,6/RSP
0.0,CACCAATCATCCGTCT-1,1/PIR
0.0,CACCAGTCAGCATGCA-1,1/PIR
0.0,CACCCAAATCTTATGT-1,5/II_III_IV
0.0,CACCCACACGTCACCC-1,12/Parafascicular nucleus
0.0,CACCCACGAGGCAATT-1,2/fxs
0.0,CACCCGGTTTGTGACT-1,3/CA1
0.0,CACCCTAACAAGATCT-1,5/II_III_IV
0.0,CACCCTTGGTGAGACC-1,9/COA
0.0,CACCGCCAGAAGGTTT-1,4/TH
0.0,CACCGCGTCCACTCTA-1,6/RSP
0.0,CACCGGTAGAGACATT-1,10/I
0.0,CACCGTTAGGGATCAC-1,3/CA1
0.0,CACCGTTGCGCGATAT-1,2/fxs
0.0,CACCTAATAGAGTCGT-1,7/MB
0.0,CACCTAATCAGTTTAC-1,10/I
0.0,CACCTCGATGGTGGAC-1,3/CA1
0.0,CACCTTGCGAAACTCG-1,3/CA1
0.0,CACCTTGGCGCCTTTG-1,5/II_III_IV
0.0,CACGAAAGTTAGTCCC-1,0/HYL
0.0,CACGCACAGCGCAGCT-1,14/DG
0.0,CACGCAGCGAGGCTTT-1,4/TH
0.0,CACGCGGAACTGTTGC-1,5/II_III_IV
0.0,CACGGCGCGCCAAAGG-1,6/RSP
0.0,CACGGGATTGAGGGTT-1,0/HYL
0.0,CACGTCGGCAACCTCT-1,11/CA3
0.0,CACGTCGGGTTCTAGA-1,7/MB
0.0,CACGTTCGTGCTCTAG-1,3/CA1
0.0,CACTAAAGTTGCCTAT-1,4/TH
0.0,CACTCAAGAGCTATGG-1,4/TH
0.0,CACTCCTATGTAAGAT-1,1/PIR
0.0,CACTCCTCTCGGTCGG-1,6/RSP
0.0,CACTCGAGCTGAACAA-1,8/V_VIa_VIb
0.0,CACTCGGTTAGGAGGA-1,2/fxs
0.0,CACTGACGATTGTGGA-1,5/II_III_IV
0.0,CACTGTCCAAGTGAGA-1,12/Parafascicular nucleus
0.0,CACTTAATCAGACGGA-1,4/TH
0.0,CACTTCGCCACAGGCT-1,12/Parafascicular nucleus
0.0,CACTTCGTCTTATCTC-1,7/MB
0.0,CAGAACTTAGCCCTCT-1,5/II_III_IV
0.0,CAGACACCGATCGCTG-1,2/fxs
0.0,CAGACCTGTAAGTGTT-1,8/V_VIa_VIb
0.0,CAGACGAACCTGATAC-1,11/CA3
0.0,CAGAGACGGTCACCCA-1,2/fxs
0.0,CAGAGCATGAGCTTGC-1,3/CA1
0.0,CAGAGGCGATGCATGA-1,2/fxs
0.0,CAGATACTAACATAGT-1,4/TH
0.0,CAGATATGAAGATGAC-1,10/I
0.0,CAGATCATTTAAAGTC-1,6/RSP
0.0,CAGATCCTGGTTTGAA-1,1/PIR
0.0,CAGATGTTTGTCCCAA-1,1/PIR
0.0,CAGCAGCCCGTTCCTT-1,3/CA1
0.0,CAGCCTCCTGCAGAGG-1,3/CA1
0.0,CAGCCTCTCCTCAAGA-1,6/RSP
0.0,CAGCGATTCCCTTCAA-1,3/CA1
0.0,CAGCGCCAACACGATA-1,9/COA
0.0,CAGCTCACTGAGACAT-1,4/TH
0.0,CAGCTCGACAAGTTAA-1,3/CA1
0.0,CAGCTCGTGCTTGTGT-1,7/MB
0.0,CAGCTGGCGTAACCGT-1,13/VL
0.0,CAGCTTAGTAGGTAGC-1,0/HYL
0.0,CAGGAAGACTTTATAT-1,3/CA1
0.0,CAGGATATATCGTTGT-1,11/CA3
0.0,CAGGCCGTTTGGGTGT-1,0/HYL
0.0,CAGGCGCACGGTGGTC-1,1/PIR
0.0,CAGGCGCCATGCTAGG-1,8/V_VIa_VIb
0.0,CAGTAACTATTTATTG-1,6/RSP
0.0,CAGTAATCCCTCCCAG-1,0/HYL
0.0,CAGTACATTCTCTAAA-1,6/RSP
0.0,CAGTAGATGATGTCCG-1,7/MB
0.0,CAGTAGCCCACGCGGT-1,2/fxs
0.0,CAGTCGAGGATGCAAT-1,8/V_VIa_VIb
0.0,CAGTCGGCCTAGATAT-1,9/COA
0.0,CAGTCTGTATACTGGG-1,3/CA1
0.0,CAGTGAATAAATGACT-1,15/CA1-pyramidal layer of the hippocampus
0.0,CAGTGGTTGCACATGA-1,7/MB
0.0,CAGTGTCCGCAGAATG-1,2/fxs
0.0,CAGTGTCGGCTGGCCC-1,10/I
0.0,CAGTTCAAATTGACAC-1,4/TH
0.0,CAGTTCCGCGGGTCGA-1,0/HYL
0.0,CATAACGGACAGTCGT-1,8/V_VIa_VIb
0.0,CATAAGAAGCTTGGCT-1,5/II_III_IV
0.0,CATAAGCTCTCCGTCT-1,13/VL
0.0,CATACAAAGCCGAACC-1,7/MB
0.0,CATACACAAAGTCAGC-1,1/PIR
0.0,CATACACGGTTCCCAC-1,5/II_III_IV
0.0,CATACCCGTACCCAGT-1,0/HYL
0.0,CATACGAACTAGCTGG-1,1/PIR
0.0,CATACGGCGTCTGGGC-1,11/CA3
0.0,CATACTATGTAATTGT-1,4/TH
0.0,CATACTTCTTTCTCCG-1,10/I
0.0,CATAGCCGCCCGGGAT-1,0/HYL
0.0,CATAGCGTTGCCCACC-1,2/fxs
0.0,CATAGTACATTGAGAG-1,6/RSP
0.0,CATAGTAGCATAGTAG-1,12/Parafascicular nucleus
0.0,CATAGTCCACAAGAAC-1,2/fxs
0.0,CATATACTACTGATAA-1,6/RSP
0.0,CATATAGGTACAGTCA-1,11/CA3
0.0,CATCAACACCTACTAA-1,7/MB
0.0,CATCATTACCCTGAGG-1,10/I
0.0,CATCCAATATAGTTTG-1,10/I
0.0,CATCCGCAGGCCCGAA-1,7/MB
0.0,CATCGCCCGCGGCCAA-1,7/MB
0.0,CATCGGACGGGTTAAT-1,11/CA3
0.0,CATCGTCCGGTTACTA-1,0/HYL
0.0,CATCTATCCCGTGTCT-1,6/RSP
0.0,CATCTGCAGGATCATT-1,0/HYL
0.0,CATCTTACACCACCTC-1,6/RSP
0.0,CATGACTTCGCTGAAT-1,5/II_III_IV
0.0,CATGAGATGCACTCTC-1,10/I
0.0,CATGATGCACAATTCT-1,0/HYL
0.0,CATGATGGAAGTTAGC-1,10/I
0.0,CATGCCAACTCGCAAA-1,13/VL
0.0,CATGCGACCAGTTTAA-1,8/V_VIa_VIb
0.0,CATGGCAGGAAGATCG-1,7/MB
0.0,CATGGCTCCCTATGTC-1,7/MB
0.0,CATGGGTATGCCTTAT-1,5/II_III_IV
0.0,CATGGGTCGGGTGTGG-1,2/fxs
0.0,CATGGTAAGTAGCGTT-1,3/CA1
0.0,CATGGTATTAGTTTGT-1,1/PIR
0.0,CATGGTCTAGATACCG-1,2/fxs
0.0,CATGTAAGAGACATTT-1,10/I
0.0,CATGTAGGAGCGCCAA-1,3/CA1
0.0,CATGTCTCATTTATGG-1,6/RSP
0.0,CATTACGTCGGCCCGT-1,0/HYL
0.0,CATTATCCCATTAACG-1,10/I
0.0,CATTATGCTTGTTGTG-1,4/TH
0.0,CATTCCCTAAGTACAA-1,7/MB
0.0,CATTGCGAAATGGGCG-1,2/fxs
0.0,CATTGCGGGTCAATTC-1,10/I
0.0,CATTGTGTGCTAGATC-1,7/MB
0.0,CATTTAGCGGACCATG-1,3/CA1
0.0,CATTTCTAGCAGACTA-1,7/MB
0.0,CATTTGAGTGGTACGT-1,11/CA3
0.0,CCAAACAGAACCCTCG-1,12/Parafascicular nucleus
0.0,CCAACCTTATGTAACT-1,10/I
0.0,CCAACGATGCACTGAT-1,4/TH
0.0,CCAAGAAAGTGGGCGA-1,2/fxs
0.0,CCAAGACTTCTGCGAA-1,0/HYL
0.0,CCAAGCGTAACTCGTA-1,14/DG
0.0,CCAAGGAACAGAGAGG-1,7/MB
0.0,CCAAGTTTCTACAGAT-1,7/MB
0.0,CCAATAGATTTCATCT-1,2/fxs
0.0,CCAATAGTGCCGTCGA-1,4/TH
0.0,CCAATCGGTAGATCGA-1,3/CA1
0.0,CCAATGTCACAGCAAG-1,4/TH
0.0,CCAATTACGGGTCGAG-1,6/RSP
0.0,CCAATTGAATGTTAAT-1,12/Parafascicular nucleus
0.0,CCACAATGTACGTCTT-1,3/CA1
0.0,CCACACTGAGATATTA-1,4/TH
0.0,CCACAGTACCCATCCT-1,5/II_III_IV
0.0,CCACATGGCTCTTTAT-1,1/PIR
0.0,CCACCAACTTTACTGT-1,3/CA1
0.0,CCACCCAAGGAAAGTG-1,3/CA1
0.0,CCACGAGAAGAGAATC-1,6/RSP
0.0,CCACGGTGCCCGGTAG-1,5/II_III_IV
0.0,CCACTGGTGGCTGGTT-1,2/fxs
0.0,CCAGAAAGCAACTCAT-1,3/CA1
0.0,CCAGAGACAAAGCCGG-1,0/HYL
0.0,CCAGATAGTTGAGTGA-1,3/CA1
0.0,CCAGCCTGGACCAATA-1,11/CA3
0.0,CCAGCTCGAACGCATT-1,10/I
0.0,CCAGCTGATGGTACTT-1,2/fxs
0.0,CCAGCTTCCGCCCGCA-1,0/HYL
0.0,CCAGGGACGTGGCCTC-1,4/TH
0.0,CCAGTAGTCTGATCCA-1,2/fxs
0.0,CCAGTCAAATCTCTTA-1,9/COA
0.0,CCAGTCTAGACGGCGC-1,6/RSP
0.0,CCAGTCTTGTCATAGA-1,6/RSP
0.0,CCATAAACAACCCGAC-1,13/VL
0.0,CCATAACCTGTGCAGT-1,1/PIR
0.0,CCATACCTTTACTTGT-1,6/RSP
0.0,CCATACTCGCCTCTCC-1,9/COA
0.0,CCATAGAGGCTGCCAG-1,1/PIR
0.0,CCATAGGTTGGCGTGG-1,7/MB
0.0,CCATAGTCAGTAACCC-1,7/MB
0.0,CCATATTGGATCATGA-1,7/MB
0.0,CCATCCATACCAAGTC-1,7/MB
0.0,CCATCGCAGTTAAACT-1,2/fxs
0.0,CCATCTCACCAGTGAA-1,6/RSP
0.0,CCATGCCTGTTTAGTA-1,4/TH
0.0,CCATGCTCTGCAGGAA-1,12/Parafascicular nucleus
0.0,CCATGGCCCTTGTACC-1,0/HYL
0.0,CCATTAGCGATAATCC-1,4/TH
0.0,CCATTCCCTGCCCACA-1,4/TH
0.0,CCATTTCTACCTATTA-1,6/RSP
0.0,CCCAAACATGCTGCTC-1,3/CA1
0.0,CCCAACATACGTCGCG-1,2/fxs
0.0,CCCAATGAGATTTGCA-1,1/PIR
0.0,CCCAATTTCACAACTT-1,0/HYL
0.0,CCCACTCCACGGTATC-1,1/PIR
0.0,CCCAGAGGAGGGCGTA-1,6/RSP
0.0,CCCAGTAAACTTGGGA-1,1/PIR
0.0,CCCAGTTAAGGCGCCG-1,2/fxs
0.0,CCCGAAGTTTCGCGAA-1,9/COA
0.0,CCCGACCATAGTCCGC-1,3/CA1
0.0,CCCGCAGCGCGAACTA-1,2/fxs
0.0,CCCGCCATGCTCCCGT-1,12/Parafascicular nucleus
0.0,CCCGCGCAATGCACCC-1,0/HYL
0.0,CCCGGGTCGTTCAGGG-1,5/II_III_IV
0.0,CCCGGTGGAAGAACCT-1,0/HYL
0.0,CCCGGTGTATCGGAAT-1,9/COA
0.0,CCCGTAAGTCTAGGCC-1,0/HYL
0.0,CCCGTAGCTGGGAAGA-1,8/V_VIa_VIb
0.0,CCCGTCAGCGTCTGAC-1,12/Parafascicular nucleus
0.0,CCCGTGAGGGCGGTGA-1,9/COA
0.0,CCCTAGGCAACAAGAG-1,9/COA
0.0,CCCTATGTAGAGCAGA-1,1/PIR
0.0,CCCTCAAGCTCTTAGT-1,0/HYL
0.0,CCCTCATTCTGGAATT-1,7/MB
0.0,CCCTGAAATGAGTTGA-1,4/TH
0.0,CCCTGACTAACAAATT-1,13/VL
0.0,CCCTGATGTAACTCGT-1,7/MB
0.0,CCCTGCCCAATCCGCT-1,2/fxs
0.0,CCCTGCGCTACGCATA-1,0/HYL
0.0,CCCTGGCTGTTCCTTC-1,9/COA
0.0,CCCTGTTGGCAAAGAC-1,7/MB
0.0,CCCTTTGACAGGTCTT-1,11/CA3
0.0,CCGAAAGTGGTGAGCA-1,7/MB
0.0,CCGAACACTGGGCCTC-1,13/VL
0.0,CCGAACCTTCCCGGCC-1,2/fxs
0.0,CCGAAGCATTGACCAA-1,10/I
0.0,CCGAAGTATATTGTTC-1,0/HYL
0.0,CCGACAAACACATGAG-1,7/MB
0.0,CCGACAAAGGGAGTGC-1,0/HYL
0.0,CCGACGGGCATGAGGT-1,9/COA
0.0,CCGACGTAAACACAAC-1,6/RSP
0.0,CCGAGCTGTGCTTGTC-1,6/RSP
0.0,CCGATCTCAACCTTAT-1,5/II_III_IV
0.0,CCGATTCGAGGGACCC-1,2/fxs
0.0,CCGCACAAAGACCAAC-1,3/CA1
0.0,CCGCACGTGACCTCGG-1,0/HYL
0.0,CCGCATGTGGTACGAT-1,6/RSP
0.0,CCGCCGGAACTTCTCG-1,1/PIR
0.0,CCGCCTGCGAATTGGT-1,6/RSP
0.0,CCGCCTTGCGATGTCG-1,9/COA
0.0,CCGCGATTTGGTAGGT-1,13/VL
0.0,CCGCGGAATGCGTCAC-1,11/CA3
0.0,CCGCGGGTACGAAGAA-1,0/HYL
0.0,CCGCGTAGGTAAGGGC-1,0/HYL
0.0,CCGCTATCAGCACCAG-1,11/CA3
0.0,CCGCTTACCTCACTCT-1,3/CA1
0.0,CCGCTTGCTGACATGG-1,10/I
0.0,CCGGAAGTTATCAGTC-1,10/I
0.0,CCGGAATGGTTTCAGT-1,4/TH
0.0,CCGGAGCGTACTTTCT-1,6/RSP
0.0,CCGGCACGACCGTTTC-1,10/I
0.0,CCGGCCGCGAGCATAT-1,1/PIR
0.0,CCGGCGCATATTGGAT-1,7/MB
0.0,CCGGCGTGAGACTCTG-1,9/COA
0.0,CCGGGACCCGCAGAGA-1,7/MB
0.0,CCGGGCGGTCTCGTCA-1,3/CA1
0.0,CCGGGCTGCTCCATAC-1,3/CA1
0.0,CCGGGTTCGAGGTTAC-1,0/HYL
0.0,CCGGTTTGTAATTGTG-1,2/fxs
0.0,CCGTAAGTTGGTCCCA-1,3/CA1
0.0,CCGTACCCAAGCGCCA-1,7/MB
0.0,CCGTATCTCGTCGTAG-1,9/COA
0.0,CCGTATTAGCGCAGTT-1,6/RSP
0.0,CCGTGCCCATGACGGC-1,7/MB
0.0,CCGTGGAACGATCCAA-1,6/RSP
0.0,CCGTGTTAAATTCCAT-1,3/CA1
0.0,CCGTTACGTTAGAACA-1,2/fxs
0.0,CCGTTCCGAATCTCGG-1,2/fxs
0.0,CCTAAAGGCTGACGCT-1,3/CA1
0.0,CCTAAATTAACGGTTC-1,3/CA1
0.0,CCTAACCCAAACAAGT-1,5/II_III_IV
0.0,CCTAACTAAGGCTCTA-1,8/V_VIa_VIb
0.0,CCTACATTCACAGACG-1,3/CA1
0.0,CCTACGGCTCAGTCGA-1,12/Parafascicular nucleus
0.0,CCTACTGCTTACACTT-1,4/TH
0.0,CCTAGGCGTAGCGATC-1,2/fxs
0.0,CCTAGGTAAAGGTAGC-1,1/PIR
0.0,CCTATAATGAGTGCCC-1,5/II_III_IV
0.0,CCTATACCGTCCTGTC-1,2/fxs
0.0,CCTATATCGTGTCACG-1,1/PIR
0.0,CCTATATTTGTCCTGG-1,1/PIR
0.0,CCTATCTATATCGGAA-1,6/RSP
0.0,CCTATGAAGTGGTGCC-1,10/I
0.0,CCTATGGCTCCTAGTG-1,1/PIR
0.0,CCTATGGGTTACCGTC-1,3/CA1
0.0,CCTCAACGATCGCTGT-1,1/PIR
0.0,CCTCACCAATCTTGAC-1,12/Parafascicular nucleus
0.0,CCTCACCTGAGGGAGC-1,8/V_VIa_VIb
0.0,CCTCACCTTAGCATCG-1,8/V_VIa_VIb
0.0,CCTCCGACAATTCAAG-1,4/TH
0.0,CCTCGCCAGCAAATTA-1,3/CA1
0.0,CCTCGCGCGATATAGG-1,2/fxs
0.0,CCTCGCGCTGTGCGAT-1,6/RSP
0.0,CCTCGGACCGGGATAG-1,2/fxs
0.0,CCTCGGATGCTACCTG-1,2/fxs
0.0,CCTCTAATCTGCCAAG-1,3/CA1
0.0,CCTCTACAAGGATTGG-1,10/I
0.0,CCTCTATCGATTAGCA-1,9/COA
0.0,CCTCTCTCCCATCTAG-1,4/TH
0.0,CCTCTGGCCTAGACGG-1,3/CA1
0.0,CCTCTGTACTATTCTA-1,8/V_VIa_VIb
0.0,CCTGAACGATATATTC-1,3/CA1
0.0,CCTGAATATTTACATA-1,3/CA1
0.0,CCTGACAAACTCGCGC-1,0/HYL
0.0,CCTGACCACCGATGGT-1,11/CA3
0.0,CCTGCCCGTTGTCTAG-1,2/fxs
0.0,CCTGCGTTCTACGCTT-1,0/HYL
0.0,CCTGCTATTTGAGAAG-1,4/TH
0.0,CCTGGCTAGACCCGCC-1,4/TH
0.0,CCTGGTCGAATGTGGG-1,5/II_III_IV
0.0,CCTGTAAGACATGATA-1,0/HYL
0.0,CCTGTACTCACGCCCA-1,2/fxs
0.0,CCTGTCACCCGGGCTC-1,2/fxs
0.0,CCTGTCGCCCGTAAAT-1,4/TH
0.0,CCTGTGAAACCGTAAC-1,9/COA
0.0,CCTTCAGTTAAAGTGA-1,1/PIR
0.0,CCTTCTCAGCGTTCCT-1,13/VL
0.0,CCTTCTTGATCCAGTG-1,3/CA1
0.0,CCTTTAAGGGAGCACT-1,8/V_VIa_VIb
0.0,CCTTTCAATGAAGAAA-1,2/fxs
0.0,CCTTTGAATTATGGCT-1,1/PIR
0.0,CGAAACGCAATTCATG-1,0/HYL
0.0,CGAACAGTATGGGCGT-1,10/I
0.0,CGAACCCGCATGCGTC-1,11/CA3
0.0,CGAACGGCCGGACAAC-1,9/COA
0.0,CGAAGACGGTGAGTGC-1,9/COA
0.0,CGAAGCTATAAATTCA-1,6/RSP
0.0,CGAAGTTGCTCTGTGT-1,4/TH
0.0,CGAATCTGCTCGACGC-1,1/PIR
0.0,CGAATGAAGTCATTGC-1,1/PIR
0.0,CGAATGACGCATAATG-1,5/II_III_IV
0.0,CGAATTCCCGGTTCAA-1,1/PIR
0.0,CGACAATTTGATCTAA-1,5/II_III_IV
0.0,CGACACGCTCCGACAG-1,5/II_III_IV
0.0,CGACAGTTCGCGTTAT-1,4/TH
0.0,CGACCCTTAACGCCGG-1,9/COA
0.0,CGACCTACTAGACAAT-1,9/COA
0.0,CGACGCATCCGTACCT-1,1/PIR
0.0,CGACTCAGGATGTTAT-1,2/fxs
0.0,CGACTTTGTATAGCCT-1,5/II_III_IV
0.0,CGAGACCCTAGAGTGT-1,11/CA3
0.0,CGAGAGATGTGAACCT-1,14/DG
0.0,CGAGAGCGCGTAGATA-1,9/COA
0.0,CGAGCACTTCAAGTTT-1,0/HYL
0.0,CGAGCCGAGCACTCGA-1,7/MB
0.0,CGAGCGTTGATCAGCC-1,7/MB
0.0,CGAGCTGGGCTTTAGG-1,3/CA1
0.0,CGAGGAGCTTCCATAT-1,10/I
0.0,CGAGGCCAGGCATTGG-1,7/MB
0.0,CGAGGCTAAATATGGC-1,14/DG
0.0,CGAGGGACTGCGGTCG-1,3/CA1
0.0,CGAGGGTATCCAGGTG-1,5/II_III_IV
0.0,CGAGTACTAAAGAGGA-1,2/fxs
0.0,CGAGTGAAGGTACCAG-1,1/PIR
0.0,CGAGTTCTGTCCCACC-1,3/CA1
0.0,CGAGTTTATCGGACTG-1,8/V_VIa_VIb
0.0,CGATACCTCGCGGACA-1,4/TH
0.0,CGATCCGACCCAGTGC-1,4/TH
0.0,CGATCCTCGCAACATA-1,1/PIR
0.0,CGATCTGTTGGAGGAC-1,13/VL
0.0,CGATGGACCCTACGCC-1,2/fxs
0.0,CGATGTTGTTATCTAC-1,1/PIR
0.0,CGATTAAATATCTCCT-1,6/RSP
0.0,CGATTCGCCTGGCTGC-1,5/II_III_IV
0.0,CGCAAACACGAGTTAC-1,4/TH
0.0,CGCAATCGATCATTAG-1,7/MB
0.0,CGCAATTACTTTCGGT-1,4/TH
0.0,CGCAATTAGGGTAATA-1,4/TH
0.0,CGCAATTCTACAATAA-1,0/HYL
0.0,CGCACATGTCCACTAC-1,2/fxs
0.0,CGCACGTGCGCTATCA-1,5/II_III_IV
0.0,CGCAGATCTTCACCCG-1,5/II_III_IV
0.0,CGCATGGTGCGATGCT-1,3/CA1
0.0,CGCATTAGCTAATAGG-1,4/TH
0.0,CGCCAAGAAGCCGAGT-1,2/fxs
0.0,CGCCACAGGTCGCGAT-1,1/PIR
0.0,CGCCATCCGATTATGA-1,3/CA1
0.0,CGCCCAGCACGCCTAG-1,6/RSP
0.0,CGCCCGCTTCCGTACA-1,2/fxs
0.0,CGCCCTTGAAGGCTGA-1,0/HYL
0.0,CGCCGACTATTCGCTA-1,9/COA
0.0,CGCCGCCCATGCCTGT-1,3/CA1
0.0,CGCCTCCCTCCTCTAT-1,3/CA1
0.0,CGCCTGGCCTACGTAA-1,2/fxs
0.0,CGCGACACTGCGCAGC-1,0/HYL
0.0,CGCGACCGCGACAGAT-1,10/I
0.0,CGCGAGAGGGACTTGT-1,6/RSP
0.0,CGCGAGTCTGCCGGGT-1,9/COA
0.0,CGCGCAAATGTCCAGA-1,1/PIR
0.0,CGCGCATGTTTGATTG-1,11/CA3
0.0,CGCGCCCGACTTAATA-1,3/CA1
0.0,CGCGGCAGTATTACGG-1,7/MB
0.0,CGCGGCTCAACTTGAA-1,5/II_III_IV
0.0,CGCGGGAATTAGGCAG-1,3/CA1
0.0,CGCGGTCACAAACCAA-1,6/RSP
0.0,CGCGTTCATGAAATAC-1,4/TH
0.0,CGCTACGGGACATTTA-1,4/TH
0.0,CGCTAGAGACCGCTGC-1,5/II_III_IV
0.0,CGCTATACCGCCCACT-1,12/Parafascicular nucleus
0.0,CGCTATTCAATGTATG-1,12/Parafascicular nucleus
0.0,CGCTATTCTTAGGCTC-1,4/TH
0.0,CGCTCGACATAATGAT-1,12/Parafascicular nucleus
0.0,CGCTCTCCGTAGATTA-1,4/TH
0.0,CGCTGGTGACTACCCT-1,10/I
0.0,CGCTGTGACGCCGCAC-1,4/TH
0.0,CGCTGTGTGGATGTTG-1,1/PIR
0.0,CGCTTAGTATTGATAC-1,1/PIR
0.0,CGCTTATTCCCGGTCG-1,2/fxs
0.0,CGCTTCCACTGAAATC-1,12/Parafascicular nucleus
0.0,CGCTTTCATACCGGTG-1,7/MB
0.0,CGCTTTCTTGCATTCG-1,3/CA1
0.0,CGGAAAGAATCAAACG-1,8/V_VIa_VIb
0.0,CGGAAAGCAAATGTGC-1,0/HYL
0.0,CGGAACGTAAACATAG-1,11/CA3
0.0,CGGACGTTACTTGAAG-1,9/COA
0.0,CGGAGCAATTTAATCG-1,8/V_VIa_VIb
0.0,CGGAGCATGGCGATCC-1,3/CA1
0.0,CGGAGTTTGAGAGACA-1,4/TH
0.0,CGGATAAGCGGACATG-1,0/HYL
0.0,CGGCAAACATCGTGCG-1,8/V_VIa_VIb
0.0,CGGCACTCAAGAAAGT-1,7/MB
0.0,CGGCAGGGTCGGGTTG-1,8/V_VIa_VIb
0.0,CGGCCACGCACAAAGT-1,4/TH
0.0,CGGCCAGAGCGACCAT-1,10/I
0.0,CGGCCCAACCTGTAGT-1,1/PIR
0.0,CGGCCCAGGTATATCC-1,3/CA1
0.0,CGGGAATTTATGTAAA-1,11/CA3
0.0,CGGGAGCTTCAGTGTA-1,5/II_III_IV
0.0,CGGGAGTATACCGCCG-1,0/HYL
0.0,CGGGATCAATGTAAGA-1,0/HYL
0.0,CGGGCAGCTAAACCGC-1,4/TH
0.0,CGGGCCATAGCCGCAC-1,7/MB
0.0,CGGGCCTTCTTTGTAA-1,11/CA3
0.0,CGGGTGTACCCATTTA-1,3/CA1
0.0,CGGTACGGCAAACCCA-1,1/PIR
0.0,CGGTACTAGAATCAAA-1,2/fxs
0.0,CGGTAGAGGTGCAGGT-1,2/fxs
0.0,CGGTCAAGTGGGAACC-1,3/CA1
0.0,CGGTCCATGAGACTCC-1,10/I
0.0,CGGTCCGTCGCAAGCC-1,5/II_III_IV
0.0,CGGTCTATCAACCCGT-1,2/fxs
0.0,CGGTGAAGACTAAAGT-1,0/HYL
0.0,CGGTGCAGATAGAACG-1,0/HYL
0.0,CGGTGCGCGTTGGTCC-1,11/CA3
0.0,CGGTGGGCTCCAGCCT-1,6/RSP
0.0,CGGTGTACTTGATCCC-1,12/Parafascicular nucleus
0.0,CGGTTATCCAACAGTG-1,8/V_VIa_VIb
0.0,CGGTTCAAGTAGGTGT-1,8/V_VIa_VIb
0.0,CGGTTGACCTGGCATA-1,0/HYL
0.0,CGGTTGAGTATCCTTC-1,10/I
0.0,CGTAAACGCTTGAGTG-1,7/MB
0.0,CGTAACTTCGACACTT-1,10/I
0.0,CGTAATAATTACGAGT-1,7/MB
0.0,CGTACCTGATAGGCCT-1,2/fxs
0.0,CGTAGCGAATTGTCAG-1,13/VL
0.0,CGTATTAAGAGATCTA-1,4/TH
0.0,CGTCAAGGCTATAAAT-1,7/MB
0.0,CGTCAATCTTTAACAT-1,7/MB
0.0,CGTCACGTCCATTGGT-1,11/CA3
0.0,CGTCAGCTATTTACTC-1,0/HYL
0.0,CGTCATACCATATCCA-1,0/HYL
0.0,CGTCCAGATGGCTCCA-1,7/MB
0.0,CGTCGCGGCGGGATTT-1,7/MB
0.0,CGTCGCTTGGTTATAC-1,1/PIR
0.0,CGTCGGATAGTGTTGA-1,8/V_VIa_VIb
0.0,CGTCGGGTCTAAGCGC-1,9/COA
0.0,CGTCGTCCTTCGCGAA-1,5/II_III_IV
0.0,CGTCTGGAAGGGCCCG-1,7/MB
0.0,CGTGAAGTTAATTCAC-1,2/fxs
0.0,CGTGACATTGGGTCGT-1,6/RSP
0.0,CGTGACCAGTCCTCTG-1,5/II_III_IV
0.0,CGTGCAGACTGGGACA-1,3/CA1
0.0,CGTGCATTGTCGACGC-1,0/HYL
0.0,CGTGCCCTCCCGAAGA-1,3/CA1
0.0,CGTGCTTCTACCTAAA-1,1/PIR
0.0,CGTGGCCGAATATCTA-1,10/I
0.0,CGTGGTACCCAAAGGC-1,1/PIR
0.0,CGTGTCCCATTCGCGA-1,4/TH
0.0,CGTGTCTCGTTACGAC-1,1/PIR
0.0,CGTTAGCTCACAACTG-1,3/CA1
0.0,CGTTATCATACTTCCA-1,9/COA
0.0,CGTTCAGACCCGCGAA-1,10/I
0.0,CGTTCTTCGCACACCT-1,6/RSP
0.0,CGTTGAATACCGCGCT-1,5/II_III_IV
0.0,CGTTGAGCGACCGTCG-1,3/CA1
0.0,CGTTGCCCGCGTGGGA-1,1/PIR
0.0,CGTTGTAAACGTCAGG-1,0/HYL
0.0,CGTTGTAAGATTGATT-1,5/II_III_IV
0.0,CGTTGTCGGCAATTGA-1,10/I
0.0,CGTTGTTTCAATTCCC-1,4/TH
0.0,CGTTTAAGCGGAGCAC-1,9/COA
0.0,CGTTTACAAGGCAGCT-1,10/I
0.0,CGTTTCACTTCGGGCG-1,6/RSP
0.0,CGTTTCGCTCATTACA-1,4/TH
0.0,CGTTTGTGTAGAGGGT-1,2/fxs
0.0,CTAAAGAATGCCTACT-1,0/HYL
0.0,CTAAAGGGAAATAGGA-1,11/CA3
0.0,CTAAATCCGGTGTACA-1,1/PIR
0.0,CTAAATCCTATTCCGG-1,15/CA1-pyramidal layer of the hippocampus
0.0,CTAACAGCACAATAAC-1,10/I
0.0,CTAACCGCGCGCCCGT-1,0/HYL
0.0,CTAACGAAACTTGCTG-1,8/V_VIa_VIb
0.0,CTAACTGGTCCGGTTC-1,3/CA1
0.0,CTAAGGGAATGATTGG-1,15/CA1-pyramidal layer of the hippocampus
0.0,CTAATTCGCACGCGCT-1,4/TH
0.0,CTAATTCTCAGATATT-1,6/RSP
0.0,CTAATTTCAACAACAC-1,0/HYL
0.0,CTACAAGAAATAACCC-1,1/PIR
0.0,CTACCCTAAGGTCATA-1,3/CA1
0.0,CTACGACTAGCTATAA-1,2/fxs
0.0,CTACGCACGGAGTACC-1,4/TH
0.0,CTACTATCATAGGTTT-1,9/COA
0.0,CTACTATCTTTCAGAG-1,2/fxs
0.0,CTACTCAAGGTATAGT-1,1/PIR
0.0,CTACTCTAGGCCCGGC-1,0/HYL
0.0,CTACTGCCACCTGACC-1,0/HYL
0.0,CTAGATGTGAGTGTAA-1,5/II_III_IV
0.0,CTAGATTTACGACGGC-1,3/CA1
0.0,CTAGCATAGTATAATG-1,14/DG
0.0,CTAGCCGATGTTATGA-1,8/V_VIa_VIb
0.0,CTAGGCGCCCTATCAG-1,5/II_III_IV
0.0,CTAGGTCTGAAGGAAT-1,5/II_III_IV
0.0,CTAGGTTCGGACGTGA-1,5/II_III_IV
0.0,CTAGTATTCGGAATTA-1,3/CA1
0.0,CTAGTCACGTCTTAAG-1,14/DG
0.0,CTAGTGAAGGACAGGA-1,4/TH
0.0,CTAGTTACAACCCGGT-1,8/V_VIa_VIb
0.0,CTAGTTGGGCCCGGTA-1,2/fxs
0.0,CTATAAGAGCCAATCG-1,8/V_VIa_VIb
0.0,CTATACTTAAAGCGAG-1,10/I
0.0,CTATAGGCGTTGATGT-1,1/PIR
0.0,CTATCGGGTCTCAACA-1,14/DG
0.0,CTATGCCCGAATGCAA-1,5/II_III_IV
0.0,CTATGTCACTAGCCCA-1,2/fxs
0.0,CTATGTGAGTCACGGC-1,13/VL
0.0,CTATTCATGTGTCCCA-1,2/fxs
0.0,CTATTTGGTTACGGAT-1,3/CA1
0.0,CTCAAACCACTGCCCG-1,1/PIR
0.0,CTCAAGACATTAGCGC-1,3/CA1
0.0,CTCACATTTACTAAAT-1,5/II_III_IV
0.0,CTCACCAGTACAAGTG-1,9/COA
0.0,CTCACTTGGCTGGTAA-1,2/fxs
0.0,CTCAGATTGTGATAAG-1,9/COA
0.0,CTCAGGACTCACCTGT-1,12/Parafascicular nucleus
0.0,CTCAGTCACGACAAAT-1,8/V_VIa_VIb
0.0,CTCATTCGTGAACATC-1,2/fxs
0.0,CTCATTGCTCTAACAA-1,10/I
0.0,CTCATTTGATGGGCGG-1,0/HYL
0.0,CTCCCTCCTTTCGATC-1,9/COA
0.0,CTCCGCCCACATGAGG-1,0/HYL
0.0,CTCCGGCCTAATATGC-1,0/HYL
0.0,CTCCGGCTTGTAGACA-1,7/MB
0.0,CTCCTAAGTTATGTCT-1,7/MB
0.0,CTCCTCCAGCTCACAC-1,5/II_III_IV
0.0,CTCCTTTACGCAAGTC-1,6/RSP
0.0,CTCGAGACATACGATA-1,1/PIR
0.0,CTCGAGATCCAAAGCA-1,7/MB
0.0,CTCGAGGTCGAACAGT-1,4/TH
0.0,CTCGATATTTGCGAGC-1,8/V_VIa_VIb
0.0,CTCGCACCTATATAGT-1,2/fxs
0.0,CTCGCATTGCATAGCC-1,1/PIR
0.0,CTCGCCGAATGTAGGG-1,5/II_III_IV
0.0,CTCGGGTTCTCTGGCC-1,1/PIR
0.0,CTCGGTACCACTGCTC-1,3/CA1
0.0,CTCGGTCCGTAGCCTG-1,7/MB
0.0,CTCGGTTGTCGGCCCT-1,1/PIR
0.0,CTCGTCGAGGGCTCAT-1,1/PIR
0.0,CTCGTTTCTAATGTTT-1,8/V_VIa_VIb
0.0,CTCTAATGCATTGATC-1,6/RSP
0.0,CTCTATTTGGCTGCAG-1,2/fxs
0.0,CTCTCACAATCGATGA-1,14/DG
0.0,CTCTCGCTGTACTATG-1,7/MB
0.0,CTCTCTAACTGCCTAG-1,1/PIR
0.0,CTCTGCGAAGCAAGCA-1,7/MB
0.0,CTCTGGACGCCTGGTG-1,4/TH
0.0,CTCTGTTTGAGGATTC-1,13/VL
0.0,CTCTTCTATTGACTGG-1,5/II_III_IV
0.0,CTCTTCTGGAAGTTAG-1,1/PIR
0.0,CTCTTGTCCCGCTTGG-1,8/V_VIa_VIb
0.0,CTGAAAGAGATCCGAC-1,3/CA1
0.0,CTGAATCCGAGACCTC-1,11/CA3
0.0,CTGAATTTATTGCCAG-1,6/RSP
0.0,CTGACTGCGCAGCTCG-1,6/RSP
0.0,CTGAGCAAGTAACAAG-1,7/MB
0.0,CTGATAGTGTATCTCA-1,0/HYL
0.0,CTGCACAACTACATAT-1,8/V_VIa_VIb
0.0,CTGCACCTGGAACCGC-1,7/MB
0.0,CTGCACTCCAGTACAG-1,6/RSP
0.0,CTGCCAAGGTTGGAAG-1,3/CA1
0.0,CTGCCATGCATCACAT-1,11/CA3
0.0,CTGCCCACGAAGCGTT-1,2/fxs
0.0,CTGCCTTTAATACCTT-1,1/PIR
0.0,CTGCGGGTGAAATGTT-1,0/HYL
0.0,CTGCGTTACGATATAA-1,6/RSP
0.0,CTGCTGAGGCCACGAA-1,3/CA1
0.0,CTGCTTGGCGATAGCT-1,6/RSP
0.0,CTGCTTTATGTCCGCG-1,6/RSP
0.0,CTGGAAATGGATGCTT-1,4/TH
0.0,CTGGAAGACACGGTGG-1,5/II_III_IV
0.0,CTGGACGCAGTCCGGC-1,1/PIR
0.0,CTGGATTTACACTTGA-1,11/CA3
0.0,CTGGCGACATAAGTCC-1,2/fxs
0.0,CTGGCGCACAGGTCTG-1,2/fxs
0.0,CTGGCGGGAATAAGTA-1,0/HYL
0.0,CTGGCTGATTCATCCT-1,5/II_III_IV
0.0,CTGGCTGGTTGTCAGT-1,8/V_VIa_VIb
0.0,CTGGGATAAATAATGG-1,3/CA1
0.0,CTGGGCCTGCTATATC-1,2/fxs
0.0,CTGGGTAGGCAGTTAA-1,2/fxs
0.0,CTGGGTTGAGTTAAAG-1,1/PIR
0.0,CTGGTAACACATAGAA-1,8/V_VIa_VIb
0.0,CTGGTAACGAGCTCTT-1,8/V_VIa_VIb
0.0,CTGGTCATTCCAATCC-1,0/HYL
0.0,CTGGTGAATGGGCCTA-1,1/PIR
0.0,CTGGTTTCGAGCAAGA-1,6/RSP
0.0,CTGTACTTCTTAGCAT-1,4/TH
0.0,CTGTAGCCATCTCACT-1,8/V_VIa_VIb
0.0,CTGTATGGTGTAGAAA-1,12/Parafascicular nucleus
0.0,CTGTCAAATGGCTCGG-1,3/CA1
0.0,CTGTGCAGGGTAGGTC-1,3/CA1
0.0,CTGTGGTCGGGAGATA-1,10/I
0.0,CTGTTACCCAATCTAG-1,11/CA3
0.0,CTGTTCACTGCCTGTG-1,0/HYL
0.0,CTGTTCATCTCACGGG-1,12/Parafascicular nucleus
0.0,CTGTTGGCTCTTCTGA-1,7/MB
0.0,CTGTTGTTCAGTCGTA-1,10/I
0.0,CTTAAATAAGACCCAT-1,0/HYL
0.0,CTTAAGCAGCGAGCCG-1,1/PIR
0.0,CTTACACGGTATTCCA-1,4/TH
0.0,CTTACACTGGGAAATA-1,7/MB
0.0,CTTAGCCCGGATAGTG-1,7/MB
0.0,CTTAGCCTTCCACATG-1,3/CA1
0.0,CTTAGGTATAGACCAG-1,1/PIR
0.0,CTTAGTAGGCCTACAG-1,6/RSP
0.0,CTTAGTTGAGGAATCG-1,10/I
0.0,CTTATGCGCTCAGGGC-1,9/COA
0.0,CTTATGTTGACTACCA-1,7/MB
0.0,CTTCAACTCCACTTGG-1,10/I
0.0,CTTCAGTGGTCGCCTA-1,1/PIR
0.0,CTTCATAGCTCAAGAA-1,12/Parafascicular nucleus
0.0,CTTCATTGTCAGTGGA-1,4/TH
0.0,CTTCCGCTCCGTGAAG-1,8/V_VIa_VIb
0.0,CTTCGTAGATAGGTGA-1,0/HYL
0.0,CTTCTATGTTGAAGTA-1,13/VL
0.0,CTTCTATTAATGCTAG-1,11/CA3
0.0,CTTCTGGGCGTACCTA-1,10/I
0.0,CTTCTTACGTCGTATA-1,9/COA
0.0,CTTGAGGTTATCCCGA-1,7/MB
0.0,CTTGAGTTAGGGTAAT-1,6/RSP
0.0,CTTGCAACCGCCTCCT-1,2/fxs
0.0,CTTGCCCAGGCTCTAC-1,11/CA3
0.0,CTTGGCCAAGCTGGGA-1,5/II_III_IV
0.0,CTTGTACTTGTTGACT-1,12/Parafascicular nucleus
0.0,CTTGTCAACATTCGAG-1,2/fxs
0.0,CTTGTGCTCACCGATT-1,2/fxs
0.0,CTTGTTGCTGAGTCAA-1,3/CA1
0.0,CTTGTTTATGTAGCCA-1,12/Parafascicular nucleus
0.0,CTTTAACTTTCAAAGG-1,0/HYL
0.0,CTTTAATATTGGTCGA-1,8/V_VIa_VIb
0.0,CTTTACCGAATAGTAG-1,5/II_III_IV
0.0,CTTTAGGAACACTGTT-1,8/V_VIa_VIb
0.0,CTTTAGTGCTATTATT-1,11/CA3
0.0,CTTTCTGTGCGGGCTT-1,8/V_VIa_VIb
0.0,CTTTGACGTCGCTTCT-1,9/COA
0.0,CTTTGGCGCTTTATAC-1,0/HYL
0.0,CTTTGGCTTTAGTAAA-1,4/TH
0.0,CTTTGGGATTGTTGCA-1,1/PIR
0.0,CTTTGTCGAATGCTCC-1,1/PIR
0.0,GAAACAGATGACCACC-1,8/V_VIa_VIb
0.0,GAAACATAGGAAACAG-1,1/PIR
0.0,GAAACCATGGTGCGCT-1,5/II_III_IV
0.0,GAAACCGAATTACCTT-1,11/CA3
0.0,GAAACCTATACAAATG-1,6/RSP
0.0,GAAACTCGTGCGATGC-1,0/HYL
0.0,GAAACTCTAATGAAGG-1,13/VL
0.0,GAAAGAACAGCGTTAT-1,5/II_III_IV
0.0,GAAAGCAGTGCACTTT-1,8/V_VIa_VIb
0.0,GAAAGCCCTTTGGACC-1,2/fxs
0.0,GAAAGTGACTAACTGC-1,4/TH
0.0,GAAATACTAAACGTTT-1,0/HYL
0.0,GAAATATCACCATCAG-1,0/HYL
0.0,GAAATATGCTTGAATG-1,6/RSP
0.0,GAAATCGCGCGCAACT-1,2/fxs
0.0,GAAATCTGACCAAGTT-1,0/HYL
0.0,GAAATGGCGGTGTTAG-1,4/TH
0.0,GAAATGGGATGTAAAC-1,7/MB
0.0,GAAATTAGCACGGATA-1,6/RSP
0.0,GAAATTCACATCGCTG-1,7/MB
0.0,GAAATTGTCTCTATAA-1,11/CA3
0.0,GAACACACATCAACCA-1,12/Parafascicular nucleus
0.0,GAACAGATTACTAAAT-1,5/II_III_IV
0.0,GAACCCTCTGTGTTCT-1,5/II_III_IV
0.0,GAACGACCGAATGATA-1,7/MB
0.0,GAACGTCTCATGGTCG-1,3/CA1
0.0,GAACGTTAGGAAGACG-1,2/fxs
0.0,GAAGAAACGATATTGT-1,1/PIR
0.0,GAAGAACGGTGCAGGT-1,7/MB
0.0,GAAGCCGGGTAAGCTC-1,7/MB
0.0,GAAGCCTGCACATTCC-1,5/II_III_IV
0.0,GAAGCGTGAGGAATTT-1,4/TH
0.0,GAAGCTCGGACCCGTC-1,1/PIR
0.0,GAAGCTCTTTGCTTAG-1,7/MB
0.0,GAAGCTTGCTGACCGC-1,4/TH
0.0,GAAGGAGTCGAGTGCG-1,10/I
0.0,GAAGTCAGTTGCACTA-1,2/fxs
0.0,GAAGTCTCCCTAGCGA-1,8/V_VIa_VIb
0.0,GAAGTGATTTATCGTG-1,4/TH
0.0,GAAGTGCTGGATAGCT-1,7/MB
0.0,GAAGTTTCCACTCAAT-1,4/TH
0.0,GAATAGACGCGACCCA-1,6/RSP
0.0,GAATAGCCCTGCGGTC-1,6/RSP
0.0,GAATAGTGCTCGATTA-1,1/PIR
0.0,GAATATTCGGAGTCCC-1,3/CA1
0.0,GAATCGACATGGTCAC-1,4/TH
0.0,GAATCTGAACATTCTC-1,3/CA1
0.0,GAATGCCGAAATGACC-1,0/HYL
0.0,GAATGCGAATCGGTTC-1,10/I
0.0,GAATGGGCTTATCGAC-1,9/COA
0.0,GAATGTATGGCAGGTC-1,6/RSP
0.0,GAATGTGGTCCGGATT-1,2/fxs
0.0,GAATGTTGGGTAATCT-1,2/fxs
0.0,GAATTATAGTGAAAGG-1,14/DG
0.0,GAATTCACCCGGGTGT-1,11/CA3
0.0,GAATTTCTCGCTGCAG-1,4/TH
0.0,GACAAACATATGCAGG-1,5/II_III_IV
0.0,GACAACGACCATTGAA-1,3/CA1
0.0,GACAACGCAGCTTACG-1,0/HYL
0.0,GACACAAGGGAAGAAA-1,14/DG
0.0,GACACGAGTTAGAGGA-1,0/HYL
0.0,GACACTGAGTTCAGTG-1,3/CA1
0.0,GACAGATTTCTGGCTC-1,9/COA
0.0,GACAGCCAGACCTGAC-1,8/V_VIa_VIb
0.0,GACAGGCACACACTAT-1,2/fxs
0.0,GACATACTGTCGCAGA-1,7/MB
0.0,GACATCGATTTATAAC-1,6/RSP
0.0,GACCAGAGCCCTGTAG-1,4/TH
0.0,GACCCAATTATGATAC-1,1/PIR
0.0,GACCGACTGAAGCGTC-1,0/HYL
0.0,GACCGTCAGGTCGTGA-1,3/CA1
0.0,GACCGTGCTGACGGTG-1,4/TH
0.0,GACCGTTACATGCGAC-1,9/COA
0.0,GACGACGATCCGCGTT-1,8/V_VIa_VIb
0.0,GACGCCGTAAAGGCTA-1,2/fxs
0.0,GACGCCTGTTGCAGGG-1,7/MB
0.0,GACGCTTGCTTCTAAA-1,0/HYL
0.0,GACGGGTTGGCCCGTA-1,1/PIR
0.0,GACGGTCAATAGAAGC-1,8/V_VIa_VIb
0.0,GACGTGTAGGGATTAT-1,4/TH
0.0,GACGTTCGTAAATACA-1,10/I
0.0,GACTAAGATCATGCAC-1,0/HYL
0.0,GACTAAGTAGGCTCAC-1,4/TH
0.0,GACTCACCCACGTGAG-1,5/II_III_IV
0.0,GACTCCCAGAATAAGG-1,5/II_III_IV
0.0,GACTCCTTCCAATTGA-1,1/PIR
0.0,GACTCGCGGGAATGAC-1,8/V_VIa_VIb
0.0,GACTGCAAATCGAGCT-1,5/II_III_IV
0.0,GACTGCACCAGCCCAG-1,8/V_VIa_VIb
0.0,GACTGCGGCACGTGTA-1,0/HYL
0.0,GACTGCTGGTGAGAAA-1,10/I
0.0,GAGAATCTCACGATCA-1,2/fxs
0.0,GAGACTGATGGGTAGA-1,4/TH
0.0,GAGACTTCGCGACCGA-1,2/fxs
0.0,GAGAGCGCAGTCCCTG-1,2/fxs
0.0,GAGAGGGCGCGAGGTT-1,0/HYL
0.0,GAGAGGTGCATTCTGG-1,2/fxs
0.0,GAGATCTGCTTGGCAT-1,4/TH
0.0,GAGATCTGTCACTCCG-1,14/DG
0.0,GAGATCTTCCATGACA-1,2/fxs
0.0,GAGATGGGAGTCGACA-1,8/V_VIa_VIb
0.0,GAGCACCTGTGTCCAG-1,10/I
0.0,GAGCATCAACAACTTG-1,1/PIR
0.0,GAGCATCATCCCTGGG-1,7/MB
0.0,GAGCCAGCTACCTGTG-1,5/II_III_IV
0.0,GAGCGAGGGAGTACCG-1,9/COA
0.0,GAGCGCGCACGAGTAG-1,5/II_III_IV
0.0,GAGCGCTGTTAGGTAA-1,1/PIR
0.0,GAGCGGAATGCGGTGT-1,10/I
0.0,GAGCTAAGGGCATATC-1,3/CA1
0.0,GAGCTCTCGGACCTAA-1,12/Parafascicular nucleus
0.0,GAGCTGTCGTCTCGGA-1,6/RSP
0.0,GAGGAATGGAGAGGTT-1,4/TH
0.0,GAGGAGATCCTCATGC-1,7/MB
0.0,GAGGCCCGACTCCGCA-1,1/PIR
0.0,GAGGCTATCAAAGTCG-1,0/HYL
0.0,GAGGGAGTCAGATCGC-1,1/PIR
0.0,GAGGGCGCAGCTCTGC-1,3/CA1
0.0,GAGGGTAGTAACAAAG-1,1/PIR
0.0,GAGGTCCCAAAGATCT-1,7/MB
0.0,GAGTAAATTAAGAACC-1,1/PIR
0.0,GAGTAAGGCCACGGGA-1,9/COA
0.0,GAGTACGGGTATACAA-1,7/MB
0.0,GAGTAGATACTAGTTG-1,5/II_III_IV
0.0,GAGTATGCCCGCCTTG-1,11/CA3
0.0,GAGTCAGACCAGAATC-1,8/V_VIa_VIb
0.0,GAGTCCGCTTACCGGA-1,11/CA3
0.0,GAGTCGACAGACCCTC-1,2/fxs
0.0,GAGTCTTGTAAAGGAC-1,9/COA
0.0,GAGTGTGCGGTACCCA-1,8/V_VIa_VIb
0.0,GAGTTCTGTGGGTGCT-1,1/PIR
0.0,GAGTTGATGGCAATTT-1,9/COA
0.0,GATAAATCGGTGGATG-1,0/HYL
0.0,GATAACTCGCACTGTG-1,8/V_VIa_VIb
0.0,GATACGATGGGAGTCA-1,11/CA3
0.0,GATAGCGTACCACGCG-1,7/MB
0.0,GATAGGTAACGTTGAC-1,11/CA3
0.0,GATAGTGCGAGTAAGT-1,10/I
0.0,GATATCAAGCAGGAGC-1,1/PIR
0.0,GATATCTCATGCAATA-1,9/COA
0.0,GATATGAGACACTAAC-1,15/CA1-pyramidal layer of the hippocampus
0.0,GATATGCGGTAGCCAA-1,6/RSP
0.0,GATATGGATTACGCGG-1,0/HYL
0.0,GATATTGAGATTGGCG-1,6/RSP
0.0,GATATTTCCTACATGG-1,6/RSP
0.0,GATCAACATAAAGGGA-1,1/PIR
0.0,GATCATTCCAAACATT-1,4/TH
0.0,GATCCCTTTATACTGC-1,4/TH
0.0,GATCCGGGAATTAACA-1,3/CA1
0.0,GATCCTAAATCGGGAC-1,8/V_VIa_VIb
0.0,GATCCTCGACACTGGC-1,3/CA1
0.0,GATCGACACTATCTGA-1,4/TH
0.0,GATCGCGGGCTCTCCA-1,4/TH
0.0,GATCGCTATATCTCAG-1,1/PIR
0.0,GATCGGATAGAACCAT-1,13/VL
0.0,GATCGGCGATAAGTCG-1,0/HYL
0.0,GATCGGTGGCCATAAC-1,3/CA1
0.0,GATCGTGACTGATATC-1,3/CA1
0.0,GATCTAACCGTATTCA-1,1/PIR
0.0,GATCTGCTATCTAAGG-1,5/II_III_IV
0.0,GATCTTCATTGTCCTC-1,0/HYL
0.0,GATCTTGGAGGGCATA-1,3/CA1
0.0,GATCTTTGCAGGGTAT-1,0/HYL
0.0,GATGACAAGTAGGGCA-1,1/PIR
0.0,GATGACGATGATCGCG-1,6/RSP
0.0,GATGCCAGCAGAAGGC-1,0/HYL
0.0,GATGCCTTCTGCGGCA-1,1/PIR
0.0,GATGCGAATGGTATTA-1,7/MB
0.0,GATGCGTCCTGCATTC-1,4/TH
0.0,GATGCTACAAGCGCCT-1,7/MB
0.0,GATGCTGTATTTCATC-1,15/CA1-pyramidal layer of the hippocampus
0.0,GATGGCGCACACATTA-1,12/Parafascicular nucleus
0.0,GATGTAACGAACCACC-1,9/COA
0.0,GATGTTCAATCCACGA-1,0/HYL
0.0,GATGTTTGTGCGAGAT-1,12/Parafascicular nucleus
0.0,GATTACTGAATTTGGG-1,0/HYL
0.0,GATTCCCTTGTCGCAG-1,2/fxs
0.0,GATTCCGCGTTTCCGT-1,6/RSP
0.0,GATTCCTATACGGCGC-1,0/HYL
0.0,GATTCGACGGTTCACG-1,3/CA1
0.0,GATTGCTCCAGTTGCA-1,1/PIR
0.0,GCAAACCCTACATTAT-1,8/V_VIa_VIb
0.0,GCAAACCTTGGCCATA-1,5/II_III_IV
0.0,GCAAAGGGCGTTAGCC-1,1/PIR
0.0,GCAAATATTACGCTTT-1,4/TH
0.0,GCAAATGAGGACACTT-1,9/COA
0.0,GCAACCACCAGACCGG-1,3/CA1
0.0,GCAACCACGGCCGCGT-1,2/fxs
0.0,GCAACCCAAGTTGTTT-1,2/fxs
0.0,GCAAGAATTCCTTGGC-1,2/fxs
0.0,GCAAGCTGGAAACCGC-1,1/PIR
0.0,GCAAGTGCACAGAGAA-1,4/TH
0.0,GCAAGTGTAAAGCATG-1,10/I
0.0,GCACAAACCCTAGATG-1,1/PIR
0.0,GCACAACCTCGGGCGT-1,1/PIR
0.0,GCACAAGTGGATCATA-1,0/HYL
0.0,GCACACGCCCATGGTC-1,2/fxs
0.0,GCACCTTCCCGAAGGT-1,1/PIR
0.0,GCACGCCTACTTAGAT-1,2/fxs
0.0,GCACTAGTCGCGCTAT-1,7/MB
0.0,GCAGACCCAGCACGTA-1,5/II_III_IV
0.0,GCAGATCCATAAGACT-1,5/II_III_IV
0.0,GCAGATCCTCGCAAAT-1,0/HYL
0.0,GCAGATTAGGGATATC-1,4/TH
0.0,GCAGCACACAGCCCAG-1,0/HYL
0.0,GCAGGAACTTAGATCT-1,1/PIR
0.0,GCAGGACTATAGAATA-1,4/TH
0.0,GCAGGTAGAGTATGGT-1,6/RSP
0.0,GCATACGAGGTCTTTA-1,13/VL
0.0,GCATAGAGCACTCAGG-1,4/TH
0.0,GCATCCCTAACTTTGA-1,0/HYL
0.0,GCATGAGGGACGCGGC-1,3/CA1
0.0,GCATGGGTACTGACGC-1,9/COA
0.0,GCATTCAAGGCAACGC-1,5/II_III_IV
0.0,GCATTCGAAATGAACA-1,0/HYL
0.0,GCATTGACTTGCGGAA-1,1/PIR
0.0,GCATTGTAATTCATAT-1,2/fxs
0.0,GCATTTCCAAGGCTCC-1,5/II_III_IV
0.0,GCCAACCATTTCCGGA-1,6/RSP
0.0,GCCAAGAATACTTCTG-1,9/COA
0.0,GCCAATAGGGCATCTC-1,8/V_VIa_VIb
0.0,GCCACAATTTAAGGAC-1,2/fxs
0.0,GCCAGGAGTAACCGAT-1,2/fxs
0.0,GCCATATTGCACACAG-1,2/fxs
0.0,GCCATCGAGCTGCGTG-1,2/fxs
0.0,GCCATCGATGCTGCAT-1,5/II_III_IV
0.0,GCCATTAGCCTCAAAC-1,1/PIR
0.0,GCCCACCAAGGCTGTC-1,7/MB
0.0,GCCCAGTTGGTATGCC-1,12/Parafascicular nucleus
0.0,GCCCGAGAGTCTAAAT-1,1/PIR
0.0,GCCCGATCTGTGGTCG-1,8/V_VIa_VIb
0.0,GCCCGCGCGTAAACGG-1,11/CA3
0.0,GCCCGCGCGTTTGACA-1,12/Parafascicular nucleus
0.0,GCCCGTAATACCTTCT-1,3/CA1
0.0,GCCCTAGCCGTCGCGA-1,1/PIR
0.0,GCCGAAATTCCTACGT-1,4/TH
0.0,GCCGACCCACGACTGC-1,1/PIR
0.0,GCCGATTGGCCAAGCT-1,11/CA3
0.0,GCCGCATTAGTCCGGC-1,2/fxs
0.0,GCCGCTTGTGAGAAAC-1,2/fxs
0.0,GCCGGGTTAGGGTCGC-1,11/CA3
0.0,GCCTAGCGATCTGACC-1,12/Parafascicular nucleus
0.0,GCCTATAGTGTCAGGG-1,6/RSP
0.0,GCCTATGCTGGGCCTT-1,5/II_III_IV
0.0,GCCTATTCCGATATAG-1,4/TH
0.0,GCCTCATCTGGAAATA-1,6/RSP
0.0,GCCTCTATACATAGCA-1,5/II_III_IV
0.0,GCCTTCAGCCCTACCG-1,7/MB
0.0,GCCTTGTATATGCAGT-1,7/MB
0.0,GCCTTTGTCAGTGGAC-1,10/I
0.0,GCGAAACTTAACTGGA-1,8/V_VIa_VIb
0.0,GCGAAGCCATACCCGT-1,4/TH
0.0,GCGACATGTAAACATC-1,5/II_III_IV
0.0,GCGACCCAACCATCTG-1,1/PIR
0.0,GCGACGATAGTTGTAC-1,11/CA3
0.0,GCGAGAAACGGGAGTT-1,7/MB
0.0,GCGAGAGGCCATGTAA-1,6/RSP
0.0,GCGAGAGTTGCGTCCA-1,5/II_III_IV
0.0,GCGAGCGCATGCTCCC-1,10/I
0.0,GCGAGGCCCGAGCAGA-1,4/TH
0.0,GCGAGTTCTGCAAAGA-1,4/TH
0.0,GCGATGTCTGTGCTTG-1,7/MB
0.0,GCGATTGTTAACGTTA-1,3/CA1
0.0,GCGCAAATATATTCAA-1,1/PIR
0.0,GCGCAAGAGCGCGCTG-1,5/II_III_IV
0.0,GCGCATCCAGTCAGCA-1,8/V_VIa_VIb
0.0,GCGCCGTTCCACGATA-1,3/CA1
0.0,GCGCGTCATTGGTACA-1,10/I
0.0,GCGCTAATTGAATAGA-1,14/DG
0.0,GCGCTATGCCGAGGCA-1,3/CA1
0.0,GCGCTGATCCAGACTC-1,6/RSP
0.0,GCGCTGCTTTGCATTT-1,2/fxs
0.0,GCGGACCGCGTTGTGG-1,11/CA3
0.0,GCGGAGAAACTTCGCA-1,2/fxs
0.0,GCGGAGAGGGAGAACG-1,8/V_VIa_VIb
0.0,GCGGCAAAGTATTGCC-1,1/PIR
0.0,GCGGCTCTGACGTACC-1,0/HYL
0.0,GCGGGAACCAGGCCCT-1,12/Parafascicular nucleus
0.0,GCGGGCGAGCCTTACC-1,2/fxs
0.0,GCGGTCCCTAGACGCA-1,7/MB
0.0,GCGGTGAACTGCGCTC-1,8/V_VIa_VIb
0.0,GCGGTGCGGAGCATCG-1,0/HYL
0.0,GCGGTTCCCTATCATG-1,11/CA3
0.0,GCGTAAATGGCCATAA-1,5/II_III_IV
0.0,GCGTCCCTAAGACATA-1,1/PIR
0.0,GCGTCGAAATGTCGGT-1,7/MB
0.0,GCGTCGCCAGGGTGAT-1,8/V_VIa_VIb
0.0,GCGTCTCTGCATTGGG-1,0/HYL
0.0,GCGTGGTACTGGGTTA-1,8/V_VIa_VIb
0.0,GCGTTATATTTGGAAC-1,2/fxs
0.0,GCGTTCGGAGACCGGG-1,6/RSP
0.0,GCTAAACCTGAGGTGA-1,0/HYL
0.0,GCTAAGTAAAGGCGAT-1,7/MB
0.0,GCTAAGTAGTTTCTCT-1,3/CA1
0.0,GCTAATACCGAATGCC-1,12/Parafascicular nucleus
0.0,GCTACAGTACGGACCG-1,13/VL
0.0,GCTACGACTTATTGGG-1,3/CA1
0.0,GCTACTATAGTAGAGT-1,5/II_III_IV
0.0,GCTAGACCGTCTACTG-1,5/II_III_IV
0.0,GCTAGCAGGGAGTGGG-1,6/RSP
0.0,GCTAGCGATAGGTCTT-1,1/PIR
0.0,GCTAGCTTGAATAGCT-1,11/CA3
0.0,GCTAGGCACCACGGAG-1,5/II_III_IV
0.0,GCTAGTAGAGCTTGTA-1,11/CA3
0.0,GCTAGTTTCATTGAGG-1,12/Parafascicular nucleus
0.0,GCTATACGTCTCGGAC-1,5/II_III_IV
0.0,GCTATCATACTCATGG-1,5/II_III_IV
0.0,GCTATCGCGGCGCAAC-1,0/HYL
0.0,GCTATGCCAGCTTATG-1,9/COA
0.0,GCTCAACCTCTTAGAG-1,0/HYL
0.0,GCTCAATCCGTTTATT-1,2/fxs
0.0,GCTCAATGTAATACCG-1,5/II_III_IV
0.0,GCTCATTACTGCATGT-1,6/RSP
0.0,GCTCCTGACATACTGG-1,1/PIR
0.0,GCTCGCGGTTCCGCTC-1,0/HYL
0.0,GCTCGCTCATGTCCAA-1,5/II_III_IV
0.0,GCTCGGAATTTAAAGC-1,2/fxs
0.0,GCTCTAAACCCTGACG-1,0/HYL
0.0,GCTCTATGTTACGTGC-1,4/TH
0.0,GCTCTCGGGTACCGAA-1,0/HYL
0.0,GCTCTTTCCGCTAGTG-1,5/II_III_IV
0.0,GCTGAATCTTCCAATC-1,1/PIR
0.0,GCTGAGCAACGGTTCT-1,0/HYL
0.0,GCTGAGGCGTGAGTAT-1,11/CA3
0.0,GCTGCACGGTTTCTTA-1,3/CA1
0.0,GCTGCGCCTCCCACGT-1,0/HYL
0.0,GCTGCTAAGTAGTCGA-1,8/V_VIa_VIb
0.0,GCTGCTACTGCGTAGC-1,8/V_VIa_VIb
0.0,GCTGCTCTCCGGACAC-1,4/TH
0.0,GCTGGACCCAAAGTGG-1,3/CA1
0.0,GCTGGCAGGTGCCGTG-1,0/HYL
0.0,GCTGGCATATTCACCT-1,4/TH
0.0,GCTGGCGGCGCATGCT-1,8/V_VIa_VIb
0.0,GCTGGTTTAGGCCATA-1,1/PIR
0.0,GCTGTATTACTGGCCC-1,3/CA1
0.0,GCTGTTGCTACCGAAC-1,6/RSP
0.0,GCTTAATGTAACTAAC-1,2/fxs
0.0,GCTTATGAAGCAGGAA-1,2/fxs
0.0,GCTTCCGTCCCTAGAC-1,3/CA1
0.0,GCTTGATGATAATCAG-1,12/Parafascicular nucleus
0.0,GCTTGCAGCACAATTG-1,3/CA1
0.0,GCTTGGATCGATTAGG-1,8/V_VIa_VIb
0.0,GCTTTCAGAGGAGGTG-1,8/V_VIa_VIb
0.0,GGAAACCTTGTTGAAT-1,6/RSP
0.0,GGAAAGTGCCCATGCC-1,2/fxs
0.0,GGAACCCGAACAAGAA-1,7/MB
0.0,GGAACCGTGTAAATTG-1,11/CA3
0.0,GGAACCTTGACTCTGC-1,1/PIR
0.0,GGAACGGCCTGCAGCC-1,0/HYL
0.0,GGAATGCGCTAGCGTG-1,3/CA1
0.0,GGACAAGTTGCAGTGA-1,2/fxs
0.0,GGACCAACAGGATAAC-1,8/V_VIa_VIb
0.0,GGACCTACGGTAACGT-1,6/RSP
0.0,GGACCTCTAGGCCGCC-1,1/PIR
0.0,GGACTAAGTCAGGAGT-1,2/fxs
0.0,GGACTCGACAGCGCAT-1,10/I
0.0,GGACTCGTGAGTGGTC-1,1/PIR
0.0,GGAGAAGTCATTGGCA-1,12/Parafascicular nucleus
0.0,GGAGACCAATGTGCTT-1,10/I
0.0,GGAGACCATCTACATA-1,1/PIR
0.0,GGAGACGACACCTTTG-1,3/CA1
0.0,GGAGCACCAAGAACTA-1,3/CA1
0.0,GGAGGGCTTGGTTGGC-1,3/CA1
0.0,GGAGTACACATGAGCT-1,7/MB
0.0,GGAGTGCCGCCCTGGA-1,0/HYL
0.0,GGATCAGAGCCATCAG-1,9/COA
0.0,GGATCATCCCGTACGC-1,6/RSP
0.0,GGATCCGGAATATACT-1,3/CA1
0.0,GGATCTTACTGCCCTT-1,1/PIR
0.0,GGATCTTGACTCAACC-1,9/COA
0.0,GGATGAAGATCGCTGA-1,6/RSP
0.0,GGATGACGCGAGTTTA-1,4/TH
0.0,GGATGCTGGCGTTCCT-1,2/fxs
0.0,GGATGTCCTTACCGCA-1,8/V_VIa_VIb
0.0,GGATTCAGTACGGTGG-1,12/Parafascicular nucleus
0.0,GGATTCCGCTATACCC-1,2/fxs
0.0,GGATTTCACTTCTATA-1,3/CA1
0.0,GGCAAAGGCGCCAATA-1,2/fxs
0.0,GGCAAATTACTTTACT-1,2/fxs
0.0,GGCAAGGCGAAATAGC-1,15/CA1-pyramidal layer of the hippocampus
0.0,GGCAATAGTCAATGAG-1,14/DG
0.0,GGCACTCCACTGGGCA-1,4/TH
0.0,GGCAGAGAGATCGGGA-1,9/COA
0.0,GGCAGCGGTAATCCTA-1,3/CA1
0.0,GGCATACAGGTAGCGG-1,0/HYL
0.0,GGCATATCGGTTCTGC-1,2/fxs
0.0,GGCCACACGAAAGCCT-1,7/MB
0.0,GGCCCTCACCCACTTA-1,2/fxs
0.0,GGCCGAGACTCTGGTG-1,1/PIR
0.0,GGCCGTTTGGGTTTCA-1,8/V_VIa_VIb
0.0,GGCCTTTGCAACTGGC-1,9/COA
0.0,GGCGAAATCTAACTTG-1,8/V_VIa_VIb
0.0,GGCGAGCGAAACGGCA-1,1/PIR
0.0,GGCGCAGGACATCTTC-1,0/HYL
0.0,GGCGCATGAATTGATG-1,11/CA3
0.0,GGCGCGTTCGAGTTTA-1,11/CA3
0.0,GGCGCTCCTCATCAAT-1,7/MB
0.0,GGCGGAGTAATATTAG-1,4/TH
0.0,GGCGGTAGGATCATTG-1,14/DG
0.0,GGCGGTTTGCCGGTGC-1,7/MB
0.0,GGCGTCCTATCCGCTG-1,4/TH
0.0,GGCTAAAGGGCGGGTC-1,6/RSP
0.0,GGCTACTATACACTCC-1,1/PIR
0.0,GGCTATTAAGTTGTAT-1,4/TH
0.0,GGCTCCTCCACCTGTT-1,1/PIR
0.0,GGCTCGCGTTGAGGTA-1,2/fxs
0.0,GGCTCGTGCCACCAGC-1,12/Parafascicular nucleus
0.0,GGCTCTGCTCCAACGC-1,14/DG
0.0,GGCTGAAATAGCAAAG-1,8/V_VIa_VIb
0.0,GGCTGGCTAGCTTAAA-1,7/MB
0.0,GGCTTGGCTCTCACCT-1,7/MB
0.0,GGCTTTCAATAAGGGT-1,5/II_III_IV
0.0,GGGAACGGGAGGTTAG-1,0/HYL
0.0,GGGAACGGTTTCAGAT-1,1/PIR
0.0,GGGAATGAGCCCTCAC-1,6/RSP
0.0,GGGAATTCTGTCCAGT-1,2/fxs
0.0,GGGACAGAGTTACTCC-1,1/PIR
0.0,GGGACCCGTATATCTT-1,8/V_VIa_VIb
0.0,GGGACTGCATAGATAG-1,4/TH
0.0,GGGAGAACTCACAGTA-1,4/TH
0.0,GGGAGGATGCCCGAAA-1,4/TH
0.0,GGGAGTTAATGAGGCG-1,3/CA1
0.0,GGGATACGGTAATAAT-1,7/MB
0.0,GGGATGGTCGTAACCG-1,11/CA3
0.0,GGGATTTACCGCACCT-1,6/RSP
0.0,GGGCAACCGCACGTGC-1,1/PIR
0.0,GGGCACGAATTGGCCG-1,2/fxs
0.0,GGGCACTATTGACCAT-1,10/I
0.0,GGGCAGACGTCACTGC-1,9/COA
0.0,GGGCAGAGCAATCGTT-1,6/RSP
0.0,GGGCCCGTCTTAAACA-1,11/CA3
0.0,GGGCCCTACGAAAGGG-1,2/fxs
0.0,GGGCCCTTATCTATAC-1,9/COA
0.0,GGGCCGGCCGAAGTAC-1,15/CA1-pyramidal layer of the hippocampus
0.0,GGGCCTAAATGGGCTA-1,9/COA
0.0,GGGCGAATTTCTCCAC-1,0/HYL
0.0,GGGCGATATGTGTGAA-1,4/TH
0.0,GGGCGGCAAATGAATT-1,11/CA3
0.0,GGGCGGGTTCCCTACG-1,0/HYL
0.0,GGGCGGTCCTATTGTC-1,7/MB
0.0,GGGCGTACATTTATAT-1,0/HYL
0.0,GGGCGTCACCACGTAA-1,11/CA3
0.0,GGGCGTCCACTGGCTC-1,6/RSP
0.0,GGGCGTTTACATTCAT-1,10/I
0.0,GGGCTACTATTTCGTG-1,1/PIR
0.0,GGGCTATGATCGATGG-1,8/V_VIa_VIb
0.0,GGGCTCATCGAACCCA-1,2/fxs
0.0,GGGCTGCCTAGGGCGA-1,14/DG
0.0,GGGCTGGTTAGTCGCG-1,4/TH
0.0,GGGTACCCACGGTCCT-1,7/MB
0.0,GGGTACTTCATGAACT-1,0/HYL
0.0,GGGTATGTATGCACTT-1,2/fxs
0.0,GGGTATTCTAGCAAAC-1,1/PIR
0.0,GGGTCACCGTGACGGT-1,4/TH
0.0,GGGTCAGGAGCTAGAT-1,1/PIR
0.0,GGGTCATGCGTACCAT-1,0/HYL
0.0,GGGTCGTGGCAAGTGT-1,6/RSP
0.0,GGGTGACACCTTAACT-1,11/CA3
0.0,GGGTGCATATGAAAGC-1,5/II_III_IV
0.0,GGGTGTTTCAGCTATG-1,10/I
0.0,GGGTTAACATTTGAGT-1,2/fxs
0.0,GGGTTCAGACGAACAA-1,0/HYL
0.0,GGTAACCGGGAGGATA-1,1/PIR
0.0,GGTAACTATGTATCTG-1,7/MB
0.0,GGTACAAACATGCTAT-1,4/TH
0.0,GGTACATCTGGGACGA-1,2/fxs
0.0,GGTACCATTAAGACGG-1,6/RSP
0.0,GGTAGAAGACCGCCTG-1,8/V_VIa_VIb
0.0,GGTAGACCGTTGGGCG-1,2/fxs
0.0,GGTAGTGCTCGCACCA-1,14/DG
0.0,GGTATGAAAGAACTGA-1,9/COA
0.0,GGTATTGCCGAGTTTA-1,4/TH
0.0,GGTCAGTGGGTCCCAC-1,11/CA3
0.0,GGTCCTTCATACGACT-1,7/MB
0.0,GGTCGGATAAACGGCG-1,2/fxs
0.0,GGTCGGCCAGGAGCTT-1,3/CA1
0.0,GGTCGGTAATTAGACA-1,7/MB
0.0,GGTCGGTCGTCCACAG-1,8/V_VIa_VIb
0.0,GGTCTCTGAATGGACT-1,2/fxs
0.0,GGTCTGAGAATCTGGA-1,3/CA1
0.0,GGTGAAGTACAGGGAT-1,3/CA1
0.0,GGTGAGATGCAGATAA-1,0/HYL
0.0,GGTGATAAGGAGCAGT-1,3/CA1
0.0,GGTGATGAAGGAAGTG-1,9/COA
0.0,GGTGCATAAATGATTA-1,1/PIR
0.0,GGTGCGGATAAGTGGC-1,7/MB
0.0,GGTGCTGATCACAAAG-1,0/HYL
0.0,GGTGCTGGTACACATT-1,0/HYL
0.0,GGTGGACTGCTCTGGC-1,5/II_III_IV
0.0,GGTTACCACCCTCGGG-1,2/fxs
0.0,GGTTAGCTATATGTCT-1,6/RSP
0.0,GGTTAGGCTTGGAGAA-1,4/TH
0.0,GGTTAGTTACGGCGCC-1,0/HYL
0.0,GGTTCTACTCGTCTGA-1,5/II_III_IV
0.0,GGTTGTGCTCTTGTCC-1,7/MB
0.0,GGTTGTGTAGCCTGGC-1,0/HYL
0.0,GGTTTAATTACCATCG-1,1/PIR
0.0,GGTTTAATTGAGCAGG-1,10/I
0.0,GGTTTACAATCTCAAT-1,14/DG
0.0,GGTTTAGCCTTTCTTG-1,10/I
0.0,GGTTTCAATCGGTCAG-1,2/fxs
0.0,GGTTTGAGTGCTGGAA-1,7/MB
0.0,GTAACTGCCCAAGGAG-1,1/PIR
0.0,GTAAGCGGGCAGTCAG-1,0/HYL
0.0,GTAAGTAACAGTCTGG-1,3/CA1
0.0,GTAAGTAGGGTATACC-1,4/TH
0.0,GTAATAAAGGGCTCCC-1,6/RSP
0.0,GTAATCTGATTCTTCG-1,11/CA3
0.0,GTACACTTACCTGAAG-1,11/CA3
0.0,GTACAGAGGCAAGGGT-1,15/CA1-pyramidal layer of the hippocampus
0.0,GTACGACGGCGCTGCG-1,7/MB
0.0,GTACGAGATTGCGACA-1,0/HYL
0.0,GTACGCTTCATTGCAC-1,3/CA1
0.0,GTACGTTTGCCCGTCA-1,3/CA1
0.0,GTACTAAGATTTGGAG-1,4/TH
0.0,GTACTCCCTTATCGCT-1,0/HYL
0.0,GTACTCCTGGGTATGC-1,8/V_VIa_VIb
0.0,GTACTGCATGAAGCGT-1,7/MB
0.0,GTACTGGAGTTAGACC-1,3/CA1
0.0,GTACTTGGGCACTTCT-1,12/Parafascicular nucleus
0.0,GTAGAAACGGGTGGAG-1,0/HYL
0.0,GTAGACACGCCTGACT-1,10/I
0.0,GTAGACGTCGTTACAT-1,7/MB
0.0,GTAGAGGGAGACAAGT-1,2/fxs
0.0,GTAGCCAAACATGGGA-1,8/V_VIa_VIb
0.0,GTAGCGGCTATACACT-1,3/CA1
0.0,GTAGCTCCGGGAGGCT-1,1/PIR
0.0,GTAGCTTCCTCTTGTT-1,15/CA1-pyramidal layer of the hippocampus
0.0,GTAGGTGATCCGTGTA-1,2/fxs
0.0,GTAGTCGCGGGAATCA-1,6/RSP
0.0,GTAGTTCGAAGGCGAA-1,1/PIR
0.0,GTATAATCTCCCGGAT-1,7/MB
0.0,GTATAGGACTCAGTAG-1,0/HYL
0.0,GTATCAGCTTGGGTTC-1,12/Parafascicular nucleus
0.0,GTATCTCAGTCTTGAC-1,1/PIR
0.0,GTATCTTTCATAACCA-1,15/CA1-pyramidal layer of the hippocampus
0.0,GTATGAAATTTCACTC-1,9/COA
0.0,GTATGTGGGTCTAGTT-1,8/V_VIa_VIb
0.0,GTATTAAGGCGTCTAA-1,0/HYL
0.0,GTATTCTGAGAAACGA-1,11/CA3
0.0,GTCAAAGAAGTGGTGT-1,1/PIR
0.0,GTCAAAGTTTACATAG-1,7/MB
0.0,GTCAAGCGGACTCGGG-1,3/CA1
0.0,GTCACTCTCCAAATCT-1,4/TH
0.0,GTCAGAATAGTCTATG-1,4/TH
0.0,GTCAGTTTGGTAGTCG-1,0/HYL
0.0,GTCATCTCCTACAGCT-1,7/MB
0.0,GTCATGCACCTCCGTT-1,4/TH
0.0,GTCATGGACATGACTA-1,0/HYL
0.0,GTCATTAGAGCGAACG-1,11/CA3
0.0,GTCATTGCATTGACCC-1,0/HYL
0.0,GTCCAATATTTAGCCT-1,1/PIR
0.0,GTCCATTACTGCTACG-1,10/I
0.0,GTCCCAACGTAAAGTA-1,14/DG
0.0,GTCCCAATCATCCCGC-1,9/COA
0.0,GTCCCGCGACGTTATG-1,10/I
0.0,GTCCGAGAGCAATCAT-1,2/fxs
0.0,GTCCGGACCTGAAATT-1,3/CA1
0.0,GTCCGGCTGAATTGCG-1,4/TH
0.0,GTCCTACAGGCGGCTC-1,0/HYL
0.0,GTCCTACGAATAGTCT-1,10/I
0.0,GTCCTACTCTACGGGC-1,1/PIR
0.0,GTCCTATTGTTGTGGT-1,2/fxs
0.0,GTCCTTCTACAACCCA-1,7/MB
0.0,GTCGCCGTTGTGTGTT-1,8/V_VIa_VIb
0.0,GTCGCGTAACCCGTTG-1,3/CA1
0.0,GTCGGATATCTCAGAC-1,4/TH
0.0,GTCGGATGTAGCGCGC-1,6/RSP
0.0,GTCGGGAACATGGTAG-1,9/COA
0.0,GTCGGGAAGCAGAAAC-1,5/II_III_IV
0.0,GTCGTACCATCTCGGG-1,11/CA3
0.0,GTCGTATTGGCGTACA-1,6/RSP
0.0,GTCGTGTCTGGTCATC-1,10/I
0.0,GTCGTTATTCGCTTAT-1,2/fxs
0.0,GTCTACTCAATTACAA-1,2/fxs
0.0,GTCTATCTGAGTTTCT-1,0/HYL
0.0,GTCTATTGGTTCCGGT-1,5/II_III_IV
0.0,GTCTCAAGGCCCGGCT-1,5/II_III_IV
0.0,GTCTCCTGCCAGTATG-1,1/PIR
0.0,GTCTCGACTAAGTTTG-1,5/II_III_IV
0.0,GTCTCGATCTGCTTTC-1,6/RSP
0.0,GTCTGGGCGGTCGAGA-1,11/CA3
0.0,GTCTTCCTCACCTAAG-1,9/COA
0.0,GTGAAACGGCGCCACC-1,2/fxs
0.0,GTGAAACGTGCTCCAC-1,7/MB
0.0,GTGAACTCCCATTCGA-1,6/RSP
0.0,GTGAAGATTTCAAGTG-1,6/RSP
0.0,GTGAAGCCGTATAGTC-1,6/RSP
0.0,GTGAAGTCACGACTCG-1,9/COA
0.0,GTGACCGCACACTACG-1,8/V_VIa_VIb
0.0,GTGACGAGGGTGACCC-1,10/I
0.0,GTGACTTCAGTAGTGC-1,11/CA3
0.0,GTGAGCGTGCTGCACT-1,0/HYL
0.0,GTGAGGACACTTAAGG-1,15/CA1-pyramidal layer of the hippocampus
0.0,GTGAGGAGCGGTTGAG-1,3/CA1
0.0,GTGAGTCTAAGACGGA-1,0/HYL
0.0,GTGAGTGGTACAACGC-1,2/fxs
0.0,GTGATCAAGCGTGCAC-1,1/PIR
0.0,GTGATCACTAACGCCT-1,5/II_III_IV
0.0,GTGATCATAGATCTGC-1,11/CA3
0.0,GTGATTCGCCGCTCAA-1,11/CA3
0.0,GTGCACCAGCTTCAAC-1,1/PIR
0.0,GTGCACGAAAGTGACT-1,3/CA1
0.0,GTGCCATCACACGGTG-1,0/HYL
0.0,GTGCCCGTTCGGATTC-1,2/fxs
0.0,GTGCCGCTTCAAAGGT-1,3/CA1
0.0,GTGCCTAGCTATGCTT-1,7/MB
0.0,GTGCGAAATCGAACAC-1,3/CA1
0.0,GTGCGACAGGGAGTGT-1,5/II_III_IV
0.0,GTGCGGGTCTCCAAAT-1,0/HYL
0.0,GTGCGTGTATATGAGC-1,9/COA
0.0,GTGCTCAAGTACTGTC-1,4/TH
0.0,GTGCTGCAGATAAGGA-1,9/COA
0.0,GTGGAACCTACATGCG-1,6/RSP
0.0,GTGGACCAACCCGATT-1,2/fxs
0.0,GTGGACGCATTTGTCC-1,6/RSP
0.0,GTGGACGTGCTGAGAC-1,12/Parafascicular nucleus
0.0,GTGGAGCGTTTACCGA-1,1/PIR
0.0,GTGGAGTCGGCGGTTG-1,2/fxs
0.0,GTGGCAAACAGCGGCA-1,9/COA
0.0,GTGGCCTAATATCATT-1,9/COA
0.0,GTGGCGGTCCCAGCGT-1,2/fxs
0.0,GTGGGCTTAGACACAC-1,4/TH
0.0,GTGGGTACTGAGCGTA-1,1/PIR
0.0,GTGGTATAGTCTGCCG-1,1/PIR
0.0,GTGGTGGCCAAGTGAA-1,2/fxs
0.0,GTGGTTACTTCTTTCG-1,5/II_III_IV
0.0,GTGGTTTCCGCCTTTC-1,2/fxs
0.0,GTGTACCTTGGCTACG-1,3/CA1
0.0,GTGTATATCAGCGGGC-1,5/II_III_IV
0.0,GTGTCAGTGTACGTGG-1,10/I
0.0,GTGTCGTATAGCGTTC-1,6/RSP
0.0,GTGTGAATAACTTAGG-1,3/CA1
0.0,GTGTGTCGACGTCGCT-1,7/MB
0.0,GTGTTACTATGCGTCC-1,3/CA1
0.0,GTTAAAGTAGGACTGG-1,6/RSP
0.0,GTTAACATCACTTAAA-1,6/RSP
0.0,GTTAAGGGTGCGATGT-1,5/II_III_IV
0.0,GTTAATGTCTATCTTA-1,2/fxs
0.0,GTTACAATTGGTGACG-1,0/HYL
0.0,GTTACCTACAACTTGC-1,11/CA3
0.0,GTTACTTTGGGCCTAG-1,11/CA3
0.0,GTTAGCCGTAAATCAA-1,5/II_III_IV
0.0,GTTAGGCTACCCGTTT-1,1/PIR
0.0,GTTATATCAGGAGCCA-1,5/II_III_IV
0.0,GTTATATTATCTCCCT-1,11/CA3
0.0,GTTATTAACGTGGGAG-1,0/HYL
0.0,GTTCAAATCAGATGTC-1,7/MB
0.0,GTTCACAGGAGTCTAG-1,4/TH
0.0,GTTCATCGTTTGGCTG-1,5/II_III_IV
0.0,GTTCCAGTCTGACCAT-1,7/MB
0.0,GTTCGCCATAAGTGCC-1,4/TH
0.0,GTTCGGGCGTACCATT-1,5/II_III_IV
0.0,GTTCGTCTAAAGAACT-1,5/II_III_IV
0.0,GTTCTTCCCTCGATGT-1,7/MB
0.0,GTTGAACCGGTTCCAT-1,0/HYL
0.0,GTTGAGTCCCGCCGGT-1,6/RSP
0.0,GTTGCACGGAGTTTCG-1,4/TH
0.0,GTTGGACCGCATCAGG-1,5/II_III_IV
0.0,GTTGGATTCAGTGGCT-1,6/RSP
0.0,GTTGGATTGAGAACAC-1,15/CA1-pyramidal layer of the hippocampus
0.0,GTTGGATTTGCGTTGG-1,4/TH
0.0,GTTGGTCATGCTATCC-1,8/V_VIa_VIb
0.0,GTTGTCGTGTTAGTTG-1,7/MB
0.0,GTTTACGTTCCATCTG-1,11/CA3
0.0,GTTTATGGGATTTAGA-1,7/MB
0.0,GTTTCATATCGTCGCT-1,0/HYL
0.0,GTTTCCTGGAGGGTGA-1,4/TH
0.0,GTTTCTGCAGTCTCCC-1,3/CA1
0.0,GTTTGACCAAATCCTA-1,4/TH
0.0,GTTTGGCCCAAGTTAT-1,3/CA1
0.0,GTTTGGCCGCTCAGCG-1,7/MB
0.0,GTTTGGGCTTGTGAGC-1,2/fxs
0.0,GTTTGGTAGGGTCAAC-1,8/V_VIa_VIb
0.0,GTTTGGTGATCGGTGC-1,1/PIR
0.0,GTTTGTTAGCCAAGTA-1,1/PIR
0.0,TAAACCCAGGAGGGCA-1,2/fxs
0.0,TAAACGTCGTCAATGA-1,0/HYL
0.0,TAAAGCGGTATTTCCA-1,5/II_III_IV
0.0,TAAAGCGTTAGGAGAA-1,15/CA1-pyramidal layer of the hippocampus
0.0,TAAAGCTGCAATAGGG-1,6/RSP
0.0,TAAATGAATCCGTTTC-1,4/TH
0.0,TAACAAAGGGAGAAGC-1,12/Parafascicular nucleus
0.0,TAACAATATTTGTTGC-1,0/HYL
0.0,TAACAGCGTTTGTGCT-1,1/PIR
0.0,TAACATACAATGTGGG-1,3/CA1
0.0,TAACATACACGCGATC-1,1/PIR
0.0,TAACCTACCGTCCGAG-1,6/RSP
0.0,TAACGCTTTGAGAGCG-1,0/HYL
0.0,TAACTATCGAAGGTCC-1,4/TH
0.0,TAACTATTACGCCAAA-1,5/II_III_IV
0.0,TAACTCATCCGCGCGG-1,11/CA3
0.0,TAACTCCATGGAGGCT-1,7/MB
0.0,TAAGAGGGACAGGGAC-1,1/PIR
0.0,TAAGCAGGCGACACGC-1,2/fxs
0.0,TAAGCCCTTACGACCA-1,6/RSP
0.0,TAAGCGCGAATCAAAT-1,1/PIR
0.0,TAAGGAACTTGTGGGA-1,2/fxs
0.0,TAAGGCAACATAAGAT-1,14/DG
0.0,TAAGGCATAACATCAA-1,8/V_VIa_VIb
0.0,TAAGGCCCGTCACCCT-1,10/I
0.0,TAAGGCTGAATCCCTC-1,5/II_III_IV
0.0,TAAGGGCTGGGAGAGG-1,2/fxs
0.0,TAAGTAACATCTTGAC-1,3/CA1
0.0,TAAGTCGCCGAGTATC-1,2/fxs
0.0,TAATAAACAAGGAGAT-1,6/RSP
0.0,TAATACACAGTAGTAT-1,0/HYL
0.0,TAATAGAACAGAGTTA-1,11/CA3
0.0,TAATAGGTCACCAGAA-1,1/PIR
0.0,TAATAGTGACGACCAG-1,3/CA1
0.0,TAATATTGAAATTCGC-1,7/MB
0.0,TAATCAACCAAATGGG-1,10/I
0.0,TAATCGATCCGTACGT-1,2/fxs
0.0,TAATGAAAGACCCTTG-1,0/HYL
0.0,TAATTCCAATGCTTCA-1,1/PIR
0.0,TAATTGGAATCGGGAA-1,6/RSP
0.0,TAATTTCCGTCCAGTA-1,9/COA
0.0,TACAACGCACAACTCA-1,0/HYL
0.0,TACAAGTCTCGTGCAT-1,0/HYL
0.0,TACACCGTCGTTAGTC-1,10/I
0.0,TACATAGGCATACACC-1,11/CA3
0.0,TACATCCCTATCCCTG-1,13/VL
0.0,TACATCTTGTTTCTTG-1,0/HYL
0.0,TACATGACCTTATCCG-1,7/MB
0.0,TACATTTCTAACGTGC-1,4/TH
0.0,TACCAAATAGCCCAGA-1,5/II_III_IV
0.0,TACCAATAAAGTACCA-1,5/II_III_IV
0.0,TACCAGAAGTAGGTTC-1,11/CA3
0.0,TACCAGGAATCCCGTC-1,10/I
0.0,TACCCTCGGTAACCCT-1,1/PIR
0.0,TACCGCGGACTTGCAG-1,8/V_VIa_VIb
0.0,TACCGGCTCACTGCCC-1,11/CA3
0.0,TACCGGTCGTTTCCAT-1,2/fxs
0.0,TACCGTAGGTTAACTA-1,6/RSP
0.0,TACCGTGCCTCGGACC-1,8/V_VIa_VIb
0.0,TACCTACTCCCAGTAT-1,6/RSP
0.0,TACCTATCCCTAGAGG-1,9/COA
0.0,TACCTCACGCTTGTAC-1,7/MB
0.0,TACCTCAGTTGTCTGT-1,1/PIR
0.0,TACCTCCACACCAATG-1,1/PIR
0.0,TACCTCTTTACCATCC-1,1/PIR
0.0,TACCTGCTGCACTGTG-1,0/HYL
0.0,TACCTTAAGATTTCCC-1,13/VL
0.0,TACGAACACGACTTCA-1,4/TH
0.0,TACGACGCTTGCTGCG-1,11/CA3
0.0,TACGACTGCCTCTTAG-1,11/CA3
0.0,TACGAGAACTTCACGT-1,4/TH
0.0,TACGATGTTGATCATC-1,0/HYL
0.0,TACGCAGTTCTTTCCT-1,4/TH
0.0,TACGCCATATTCTAAT-1,11/CA3
0.0,TACGCCGAGGGTACCC-1,1/PIR
0.0,TACGCCTCCATTCCGA-1,8/V_VIa_VIb
0.0,TACGCTATAGAAACCT-1,5/II_III_IV
0.0,TACGCTGCTGTGTTAA-1,10/I
0.0,TACGGGATGCTAGCAG-1,2/fxs
0.0,TACGTACTAGTGCTGA-1,1/PIR
0.0,TACGTGCACTATGCTG-1,12/Parafascicular nucleus
0.0,TACGTTTACCGGCAAT-1,0/HYL
0.0,TACTATGGTTCCTCAG-1,8/V_VIa_VIb
0.0,TACTCCTCTAGTTGAC-1,1/PIR
0.0,TACTCGGCACGCCGGG-1,2/fxs
0.0,TACTCTCCGAACAAAT-1,2/fxs
0.0,TACTCTTTCGTCTTCA-1,8/V_VIa_VIb
0.0,TACTGAACAGATTTAG-1,2/fxs
0.0,TACTGAGGGAAGAAAG-1,1/PIR
0.0,TACTGCAATCAATTAC-1,8/V_VIa_VIb
0.0,TACTGGACAGCTCGGC-1,0/HYL
0.0,TACTTGTTAGTAGTCC-1,2/fxs
0.0,TACTTTACTGAGCCGG-1,8/V_VIa_VIb
0.0,TAGAAACACAATAGTG-1,7/MB
0.0,TAGAAAGGTGGCGCTA-1,3/CA1
0.0,TAGAAATTCACGTATA-1,9/COA
0.0,TAGACGCCCGTACCGG-1,3/CA1
0.0,TAGACTACCTAGCGTT-1,5/II_III_IV
0.0,TAGAGATCATGCAACT-1,9/COA
0.0,TAGAGCTACGAAGAAC-1,9/COA
0.0,TAGAGTCTAAGCGAAC-1,4/TH
0.0,TAGATATGGACTGGAA-1,11/CA3
0.0,TAGATTCCTGGTTATT-1,0/HYL
0.0,TAGCAACCTGTCACAA-1,0/HYL
0.0,TAGCCATTTCAAAGTC-1,8/V_VIa_VIb
0.0,TAGCCGGCGGTCAGCG-1,3/CA1
0.0,TAGCGTCCGGTGTGGT-1,6/RSP
0.0,TAGCGTCGAATATTGA-1,9/COA
0.0,TAGCGTTGGGTCTTAC-1,14/DG
0.0,TAGCTAAGTCCGGGAG-1,4/TH
0.0,TAGCTAGAAGGCATGA-1,11/CA3
0.0,TAGCTAGTGATGATGG-1,6/RSP
0.0,TAGCTCGCCTGATAAC-1,11/CA3
0.0,TAGGCATGTTACGCCA-1,2/fxs
0.0,TAGGCGATGAGGTCTC-1,1/PIR
0.0,TAGGCGGCTGCAAAGA-1,10/I
0.0,TAGGGAGCTTGGGATG-1,6/RSP
0.0,TAGGGTGTTTCAAGAG-1,0/HYL
0.0,TAGGTCCAAGTAAGGA-1,0/HYL
0.0,TAGGTCGCCGGAACTG-1,6/RSP
0.0,TAGGTGAGCCCTACTC-1,4/TH
0.0,TAGGTGCTCGCCTAGC-1,2/fxs
0.0,TAGGTGTTCCACAGAT-1,5/II_III_IV
0.0,TAGGTTCGAGTTCGTC-1,11/CA3
0.0,TAGTACCACAACTTTC-1,1/PIR
0.0,TAGTACCTTAGTGGTC-1,0/HYL
0.0,TAGTAGCTTATACCAG-1,1/PIR
0.0,TAGTCCCGGAGACCAC-1,1/PIR
0.0,TAGTCCGCAGAGAATG-1,4/TH
0.0,TAGTCCGTATGCATAA-1,7/MB
0.0,TAGTCGATCACGGGTT-1,5/II_III_IV
0.0,TAGTCGGGATTCTTCG-1,7/MB
0.0,TAGTCTAACAACGAGA-1,0/HYL
0.0,TAGTCTGTGACGTTGC-1,8/V_VIa_VIb
0.0,TAGTGCCCTCCAGAGT-1,4/TH
0.0,TAGTGCTTGAATCCTT-1,7/MB
0.0,TAGTGTCAGAAACGGC-1,0/HYL
0.0,TAGTTTATTCTTGCTT-1,9/COA
0.0,TATAAATCCACAAGCT-1,12/Parafascicular nucleus
0.0,TATAAGTGAGGATAGC-1,12/Parafascicular nucleus
0.0,TATACACAGACGCCTT-1,11/CA3
0.0,TATACACGCAAAGTAT-1,12/Parafascicular nucleus
0.0,TATACGCGTCATCACT-1,5/II_III_IV
0.0,TATACTCATGCGGCAA-1,0/HYL
0.0,TATAGAGTCGCTTGAA-1,5/II_III_IV
0.0,TATAGATGGTCGCAGT-1,5/II_III_IV
0.0,TATAGCGCACGTTATC-1,9/COA
0.0,TATAGGGTACTCATGA-1,2/fxs
0.0,TATATAGGGCTTTACG-1,1/PIR
0.0,TATATATCGAGAAATG-1,1/PIR
0.0,TATATCATTGATCAGT-1,2/fxs
0.0,TATATCCCTGGGAGGA-1,6/RSP
0.0,TATATGCTGGGTTGCC-1,7/MB
0.0,TATATTACAAATGTCG-1,6/RSP
0.0,TATCAAAGGTCTGTAA-1,7/MB
0.0,TATCACCCAACCGACC-1,8/V_VIa_VIb
0.0,TATCACTTCGAGTAAC-1,6/RSP
0.0,TATCAGTGGCGTAGTC-1,1/PIR
0.0,TATCCAATTGGTTATC-1,5/II_III_IV
0.0,TATCCATATCATGCGA-1,7/MB
0.0,TATCCATCTCGGTTAG-1,1/PIR
0.0,TATCCGCACCGTCGGG-1,6/RSP
0.0,TATCCTGCATGGGAAT-1,7/MB
0.0,TATCGATCTATGCATA-1,2/fxs
0.0,TATCGATGATTAAACG-1,12/Parafascicular nucleus
0.0,TATCTACAGAGGTAAT-1,0/HYL
0.0,TATCTACCACAGCGGG-1,11/CA3
0.0,TATCTAGCCTAAAGGA-1,2/fxs
0.0,TATCTTGCAATACAAC-1,1/PIR
0.0,TATGAAGACAGGTGCG-1,0/HYL
0.0,TATGACCTTGCGCTGG-1,9/COA
0.0,TATGATCCGGCACGCC-1,5/II_III_IV
0.0,TATGCTCCCTACTTAC-1,0/HYL
0.0,TATGGATGTGCTACGC-1,4/TH
0.0,TATGGCCCGGCCTCGC-1,0/HYL
0.0,TATGGGACCGAGCAGG-1,4/TH
0.0,TATGGGTACGTATCGT-1,4/TH
0.0,TATGGTCTGAGTAACA-1,4/TH
0.0,TATGGTTAGTGGGAGA-1,5/II_III_IV
0.0,TATGTAAAGTGCTTAA-1,1/PIR
0.0,TATGTAGAAACCCGGC-1,1/PIR
0.0,TATGTCAAGACCGACT-1,2/fxs
0.0,TATGTCTCATTGTGCC-1,3/CA1
0.0,TATTAACACCAAAGCA-1,1/PIR
0.0,TATTAACCTGACCGCG-1,8/V_VIa_VIb
0.0,TATTACCATCCTGCTT-1,6/RSP
0.0,TATTATGTTTGCCTGC-1,1/PIR
0.0,TATTCAATTCTAATCC-1,3/CA1
0.0,TATTCCACTCAGCTCG-1,11/CA3
0.0,TATTCCGAGCTGTTAT-1,5/II_III_IV
0.0,TATTCCTCCGCCCACT-1,3/CA1
0.0,TATTCGTGCCAGAATA-1,4/TH
0.0,TATTTAGTCTAGATCG-1,0/HYL
0.0,TATTTATACCGAGTAG-1,6/RSP
0.0,TATTTGTTACCCTTTA-1,4/TH
0.0,TCAAACAACCGCGTCG-1,0/HYL
0.0,TCAAACTTAGATTGTT-1,4/TH
0.0,TCAAAGAGCTATCTGT-1,9/COA
0.0,TCAAATTTGAGACTCA-1,5/II_III_IV
0.0,TCAACAAAGATAATTC-1,9/COA
0.0,TCAACACATTGGGTAA-1,7/MB
0.0,TCAACATAGCGCCCTA-1,8/V_VIa_VIb
0.0,TCAACATCGACCGAGA-1,13/VL
0.0,TCAACCATGTTCGGGC-1,4/TH
0.0,TCAACGAGGAGACAAA-1,11/CA3
0.0,TCAACGCAGGAAATAA-1,3/CA1
0.0,TCAACGCGACCGGCAG-1,2/fxs
0.0,TCAACTAACGTATAAC-1,0/HYL
0.0,TCAAGAAATACTAGCT-1,5/II_III_IV
0.0,TCAATACAATTGCTGC-1,2/fxs
0.0,TCAATACGCCGTCATG-1,5/II_III_IV
0.0,TCACAGATCCTCAAAC-1,7/MB
0.0,TCACAGCAAACTCGAA-1,11/CA3
0.0,TCACAGGAGAATAAGA-1,2/fxs
0.0,TCACAGGGAATCGCAA-1,8/V_VIa_VIb
0.0,TCACAGGTTATTGGGC-1,4/TH
0.0,TCACATCTTATCTGAT-1,0/HYL
0.0,TCACCCTCTTAAGATT-1,11/CA3
0.0,TCACCGCTCGGCACTC-1,2/fxs
0.0,TCACGCATTGTAGATC-1,4/TH
0.0,TCACGGTCATCGCACA-1,4/TH
0.0,TCACGTGCCCGATTCA-1,11/CA3
0.0,TCACTACGACCAATGC-1,6/RSP
0.0,TCACTCGTGCAACGGC-1,6/RSP
0.0,TCACTCTTCGTCTGTC-1,0/HYL
0.0,TCAGAACCTCCACAGG-1,5/II_III_IV
0.0,TCAGACGCTATAGAAG-1,2/fxs
0.0,TCAGCAAATGCATCTC-1,14/DG
0.0,TCAGCAGTAGGCCCTG-1,1/PIR
0.0,TCAGCTTGAGCTTTCG-1,10/I
0.0,TCAGGGCGACTTCCTT-1,7/MB
0.0,TCAGGGCGCAAACTCG-1,0/HYL
0.0,TCAGGGTGTAACGTAA-1,14/DG
0.0,TCAGGTTCTTTGAGAA-1,4/TH
0.0,TCAGTACTGACCCGCG-1,4/TH
0.0,TCAGTAGGGACTATAA-1,11/CA3
0.0,TCAGTGTATACGTCAT-1,1/PIR
0.0,TCATACTTACAGATCC-1,0/HYL
0.0,TCATATGAGCTTTGTT-1,5/II_III_IV
0.0,TCATCACTCGAGCTCG-1,12/Parafascicular nucleus
0.0,TCATCGATGGTCCCAA-1,1/PIR
0.0,TCATGCAGGTTCTCAT-1,2/fxs
0.0,TCATTTAAGTCTCCGA-1,6/RSP
0.0,TCCAACTTTAAATTCT-1,0/HYL
0.0,TCCAATAAAGGCTACC-1,5/II_III_IV
0.0,TCCACAATGGTTTACG-1,4/TH
0.0,TCCACCTCTAGCCTTT-1,6/RSP
0.0,TCCACTTTATCTAGGT-1,3/CA1
0.0,TCCAGAGCACCGGTTC-1,3/CA1
0.0,TCCAGATGTACGCCAA-1,5/II_III_IV
0.0,TCCAGGCGAGTACGGT-1,4/TH
0.0,TCCAGGGTATATACGA-1,5/II_III_IV
0.0,TCCATCAATACTAATC-1,1/PIR
0.0,TCCCAAACAGACAACG-1,6/RSP
0.0,TCCCAAAGACGAAGGA-1,0/HYL
0.0,TCCCACTCTCTTCCGG-1,5/II_III_IV
0.0,TCCCAGCTTTAGTCTG-1,4/TH
0.0,TCCCAGGCTTAGCTAA-1,4/TH
0.0,TCCCGCGTACTCCTGG-1,3/CA1
0.0,TCCCGGGTGTGCTGCT-1,0/HYL
0.0,TCCCGTCAGTCCCGCA-1,3/CA1
0.0,TCCCGTCGCGTCATAG-1,10/I
0.0,TCCCGTGTGCAATTTG-1,2/fxs
0.0,TCCCTAGATCAATAGG-1,10/I
0.0,TCCCTGGCGTATTAAC-1,1/PIR
0.0,TCCCTGGCTCGCTGGA-1,0/HYL
0.0,TCCCTTAGATTACTCG-1,2/fxs
0.0,TCCGAACTTGGCTTAC-1,0/HYL
0.0,TCCGAAGTAGTCACCA-1,6/RSP
0.0,TCCGAATGGTCCTGAG-1,10/I
0.0,TCCGATAATTGCCATA-1,0/HYL
0.0,TCCGATGACTGAGCTC-1,3/CA1
0.0,TCCGATGGTGCGACAT-1,4/TH
0.0,TCCGATTACATTGCCG-1,4/TH
0.0,TCCGCAGCCACCTAGC-1,7/MB
0.0,TCCGCCTGTCTACAAG-1,5/II_III_IV
0.0,TCCGCGGCAGCATCTG-1,3/CA1
0.0,TCCGCTGTCATCCCGG-1,8/V_VIa_VIb
0.0,TCCGCTTATCCCATTA-1,2/fxs
0.0,TCCGGAGGAAGGGCTG-1,3/CA1
0.0,TCCGGCCTAGCGTACA-1,8/V_VIa_VIb
0.0,TCCGGTTCGTCCGGTC-1,11/CA3
0.0,TCCGTAACCACAATCC-1,0/HYL
0.0,TCCGTTTAGCCTTGAA-1,15/CA1-pyramidal layer of the hippocampus
0.0,TCCTAAATTGGGAAGC-1,5/II_III_IV
0.0,TCCTAACCGTCGGGCA-1,1/PIR
0.0,TCCTACATCCACGGCC-1,8/V_VIa_VIb
0.0,TCCTAGCAAAGAAGCT-1,0/HYL
0.0,TCCTCGGGCTGGGCTT-1,3/CA1
0.0,TCCTCTACGAGATGGC-1,4/TH
0.0,TCCTCTCCAGTTGTCC-1,0/HYL
0.0,TCCTGCGTTGATACTC-1,0/HYL
0.0,TCCTTACGACGGTCCG-1,5/II_III_IV
0.0,TCCTTCAATCCCTACG-1,9/COA
0.0,TCCTTTCTTACGCTTA-1,4/TH
0.0,TCGAAATTTAGGACCA-1,4/TH
0.0,TCGAAGAACCGAGCAC-1,5/II_III_IV
0.0,TCGAATATCCCGCAGG-1,1/PIR
0.0,TCGACAACTGAACCCG-1,1/PIR
0.0,TCGAGACCAACACCGT-1,4/TH
0.0,TCGAGCCAGGCAGGCC-1,1/PIR
0.0,TCGAGTCTACGATTCG-1,1/PIR
0.0,TCGCAAAGATGCATTT-1,2/fxs
0.0,TCGCACCAGGAGGCAG-1,6/RSP
0.0,TCGCACTAACGTTTGT-1,7/MB
0.0,TCGCATCCCTAAGTGT-1,12/Parafascicular nucleus
0.0,TCGCCCACTGCGAGAG-1,9/COA
0.0,TCGCCGAAGTTGCGTC-1,2/fxs
0.0,TCGCCGCACCGCGTGA-1,9/COA
0.0,TCGCCGGATGGGCAAG-1,0/HYL
0.0,TCGCCGGTCGATCCGT-1,7/MB
0.0,TCGCGTCCAGAAGGTC-1,0/HYL
0.0,TCGCTAAACCGCTATC-1,2/fxs
0.0,TCGCTCGATATATTCC-1,4/TH
0.0,TCGCTCGGCACCAGCG-1,6/RSP
0.0,TCGCTGGGCGGATTGT-1,14/DG
0.0,TCGCTGTGCGTAAATC-1,12/Parafascicular nucleus
0.0,TCGCTTTAAACGTTTG-1,3/CA1
0.0,TCGGAATGCGCTCTGA-1,0/HYL
0.0,TCGGACGCCCAGCCCA-1,3/CA1
0.0,TCGGAGTACATGAGTA-1,14/DG
0.0,TCGGCGTACTGCACAA-1,9/COA
0.0,TCGGGAACGTGCCTAG-1,5/II_III_IV
0.0,TCGGGAGACAGCGTAC-1,5/II_III_IV
0.0,TCGGGCCGTCGTGGTA-1,8/V_VIa_VIb
0.0,TCGGTCCCGACAATAG-1,1/PIR
0.0,TCGGTGACCGCTCCGG-1,6/RSP
0.0,TCGTAAGACGACATTG-1,3/CA1
0.0,TCGTAAGCTCCGAGGA-1,6/RSP
0.0,TCGTATAGTGCAATTA-1,9/COA
0.0,TCGTATTACCCATTGC-1,0/HYL
0.0,TCGTCAAGTACGCGCA-1,1/PIR
0.0,TCGTCACACTGTTAGC-1,0/HYL
0.0,TCGTCCGCTGGCGTCT-1,12/Parafascicular nucleus
0.0,TCGTCTTAGGCGTTAA-1,5/II_III_IV
0.0,TCGTGTACTATGGATG-1,10/I
0.0,TCGTGTCACGCTGACA-1,2/fxs
0.0,TCGTTAGGAGTCCCTA-1,2/fxs
0.0,TCGTTGACAGGGTCCC-1,2/fxs
0.0,TCGTTGCTATCCGGTC-1,2/fxs
0.0,TCTAAAGAACAGTCTC-1,1/PIR
0.0,TCTAACTGTATGTAAA-1,7/MB
0.0,TCTAATACTGCCTCAG-1,1/PIR
0.0,TCTACCGTCCACAAGC-1,2/fxs
0.0,TCTAGCAATCTCCGCC-1,2/fxs
0.0,TCTAGCATCTTCGATG-1,12/Parafascicular nucleus
0.0,TCTAGCATGCCCAGAA-1,11/CA3
0.0,TCTAGGTGGCGACGCT-1,8/V_VIa_VIb
0.0,TCTAGTGATATCGTGG-1,5/II_III_IV
0.0,TCTAGTTATCAGAAGA-1,4/TH
0.0,TCTATCATGCAGTTAC-1,12/Parafascicular nucleus
0.0,TCTATCGGTCGCAACA-1,0/HYL
0.0,TCTATTACGCTGGCGA-1,7/MB
0.0,TCTCATGAGATAGGGT-1,5/II_III_IV
0.0,TCTCCAACGTAGGTTA-1,6/RSP
0.0,TCTCCCTGGGCAGCGT-1,5/II_III_IV
0.0,TCTCGGCTCCAGGACT-1,7/MB
0.0,TCTCGTGTTACGAGGA-1,9/COA
0.0,TCTCTAATAGCTGGTA-1,0/HYL
0.0,TCTCTTACCGCGAACC-1,1/PIR
0.0,TCTGAACCGGTCGGCT-1,12/Parafascicular nucleus
0.0,TCTGAACTCGTACCCG-1,5/II_III_IV
0.0,TCTGAAGCACGTGGTC-1,10/I
0.0,TCTGAATTCCGTACAA-1,8/V_VIa_VIb
0.0,TCTGATGTATTCTGTC-1,5/II_III_IV
0.0,TCTGCAGATTCGAGTC-1,7/MB
0.0,TCTGCCAGAAACTGCA-1,3/CA1
0.0,TCTGCGTCCGGTTTCT-1,7/MB
0.0,TCTGCTTAGAACAAGC-1,10/I
0.0,TCTGGCGCAAGCCGGG-1,9/COA
0.0,TCTGGGAACCTTTGAA-1,5/II_III_IV
0.0,TCTGGGTAGCGCTCAT-1,0/HYL
0.0,TCTGTGCCATCATAGT-1,3/CA1
0.0,TCTGTTACCCAGCATA-1,3/CA1
0.0,TCTTAACTCGGATGTA-1,7/MB
0.0,TCTTACAGAGGTACCG-1,7/MB
0.0,TCTTACCGGAACTCGT-1,2/fxs
0.0,TCTTACGGCATCCGAC-1,4/TH
0.0,TCTTACTTATGCCTCT-1,5/II_III_IV
0.0,TCTTAGAGCTCCAATT-1,10/I
0.0,TCTTAGAGTGAACTCT-1,5/II_III_IV
0.0,TCTTCCCATGGGCACA-1,8/V_VIa_VIb
0.0,TCTTCGAATAGACGTT-1,3/CA1
0.0,TCTTCGATACCAATAA-1,3/CA1
0.0,TCTTGATGCGTAGCGA-1,14/DG
0.0,TCTTGGTAACACCAAA-1,0/HYL
0.0,TCTTTAAGACTATGAA-1,6/RSP
0.0,TGAAAGGACCTGACTC-1,3/CA1
0.0,TGAACAAGCAGGGACT-1,1/PIR
0.0,TGAACTGCTATGACTT-1,9/COA
0.0,TGAAGAGCGGTCCTAG-1,0/HYL
0.0,TGAAGTAGCTTACGGA-1,0/HYL
0.0,TGAATATGCTATAAAC-1,10/I
0.0,TGAATGAGTGTTTCCC-1,5/II_III_IV
0.0,TGAATTTCACTTGCCT-1,9/COA
0.0,TGACACTTCTCTTTGC-1,6/RSP
0.0,TGACAGGACAAGTCCA-1,1/PIR
0.0,TGACATATATGACGAT-1,9/COA
0.0,TGACATCGAGCGGACC-1,5/II_III_IV
0.0,TGACCCACGTTAGACA-1,4/TH
0.0,TGACGATGCACTAGAA-1,8/V_VIa_VIb
0.0,TGACTATAATCCTTTC-1,15/CA1-pyramidal layer of the hippocampus
0.0,TGACTCCGAATCATAC-1,1/PIR
0.0,TGACTCTAACTGGTAA-1,1/PIR
0.0,TGAGAATGCTTTACCG-1,7/MB
0.0,TGAGACGTACCTCTCA-1,9/COA
0.0,TGAGAGATTTACCACG-1,6/RSP
0.0,TGAGATTAGGCCCTAA-1,6/RSP
0.0,TGAGCCATACAGTCTC-1,0/HYL
0.0,TGAGCGGAAAGTGTTC-1,6/RSP
0.0,TGAGCTTTAATGACGC-1,2/fxs
0.0,TGAGGAGTGCCAGCTT-1,6/RSP
0.0,TGAGGCATGTACTGTG-1,1/PIR
0.0,TGAGTAAATTAGCGTA-1,11/CA3
0.0,TGAGTGCCTCTTAAAT-1,3/CA1
0.0,TGAGTGGTCCGTGACG-1,3/CA1
0.0,TGATACATTTAGCCGT-1,2/fxs
0.0,TGATAGCGGGATTCTA-1,7/MB
0.0,TGATCAGGGAACTGCT-1,2/fxs
0.0,TGATCCCAGCATTAGT-1,6/RSP
0.0,TGATCGGTTTGACCCT-1,4/TH
0.0,TGATCTACGCTGATCT-1,6/RSP
0.0,TGATCTCCGGCGCCAG-1,4/TH
0.0,TGATGGCTGTTTCTGA-1,10/I
0.0,TGATTCAGGTCCCGCG-1,9/COA
0.0,TGATTCCCGGTTACCT-1,5/II_III_IV
0.0,TGATTCGTCTATCACT-1,4/TH
0.0,TGATTCTGTCGCCGGT-1,11/CA3
0.0,TGATTTATTAGCTGTG-1,0/HYL
0.0,TGATTTCCTCCTGACG-1,0/HYL
0.0,TGCAAGAATGACGTAA-1,4/TH
0.0,TGCAATTTGGGCACGG-1,3/CA1
0.0,TGCACTATGTGAGTGC-1,7/MB
0.0,TGCAGAACTATATCGT-1,2/fxs
0.0,TGCAGAGTACCGAGCA-1,4/TH
0.0,TGCAGGATCGGCAAAG-1,3/CA1
0.0,TGCAGTTTCCTCCCAT-1,8/V_VIa_VIb
0.0,TGCATATGTCTGTCAC-1,15/CA1-pyramidal layer of the hippocampus
0.0,TGCATGGATCGGATCT-1,0/HYL
0.0,TGCATGTGACCCATAG-1,10/I
0.0,TGCATGTGGTAATCTA-1,3/CA1
0.0,TGCCAAAGTCAGACTT-1,13/VL
0.0,TGCCAATGGGTACTCT-1,2/fxs
0.0,TGCCACACTAGAGGAA-1,9/COA
0.0,TGCCACCTGGCGAAAC-1,3/CA1
0.0,TGCCAGTACGTGGAGA-1,8/V_VIa_VIb
0.0,TGCCATTACTAAAGAA-1,2/fxs
0.0,TGCCCGTACCGTTAAA-1,2/fxs
0.0,TGCCGGATGTACGAGC-1,1/PIR
0.0,TGCCGTGGATCGTCCT-1,6/RSP
0.0,TGCCGTTCTTAATCGG-1,1/PIR
0.0,TGCCTGACATCGGTCA-1,7/MB
0.0,TGCCTGATCAAACGAT-1,3/CA1
0.0,TGCCTTGGCCAGGCAA-1,5/II_III_IV
0.0,TGCGAATATGGGATTT-1,9/COA
0.0,TGCGACACCCTAGTGC-1,11/CA3
0.0,TGCGACGGCCGAACGT-1,1/PIR
0.0,TGCGAGAATATTACCC-1,11/CA3
0.0,TGCGATGCTAATGGCT-1,7/MB
0.0,TGCGCAAAGCATTTGG-1,3/CA1
0.0,TGCGCGATTAACGGAG-1,4/TH
0.0,TGCGGAGTAAAGGTGC-1,3/CA1
0.0,TGCGGCATAGTTCAAC-1,9/COA
0.0,TGCGTAAGAACCTGAT-1,0/HYL
0.0,TGCGTCATGACTGAGC-1,9/COA
0.0,TGCGTGATTGGGTGTC-1,7/MB
0.0,TGCGTTTGTTGACACT-1,15/CA1-pyramidal layer of the hippocampus
0.0,TGCTAAGTGTCTATTT-1,5/II_III_IV
0.0,TGCTCCACAGTTCTTA-1,5/II_III_IV
0.0,TGCTCGGCGAAACCCA-1,6/RSP
0.0,TGCTGGTTGGACAATT-1,12/Parafascicular nucleus
0.0,TGCTGTTGAAGAACTC-1,11/CA3
0.0,TGCTTAGAGAGAATGC-1,1/PIR
0.0,TGCTTCCCAAGCAGTA-1,5/II_III_IV
0.0,TGGAACCACTGACACA-1,8/V_VIa_VIb
0.0,TGGAAGAAGGGAACGT-1,0/HYL
0.0,TGGAAGACGAACACCA-1,7/MB
0.0,TGGAAGGATAAAGATG-1,0/HYL
0.0,TGGAATATCCTTGACC-1,6/RSP
0.0,TGGAATTAGACGCTTT-1,0/HYL
0.0,TGGACACCGTTGCTTG-1,0/HYL
0.0,TGGACGCAATCCAGCC-1,1/PIR
0.0,TGGACTGTTCGCTCAA-1,3/CA1
0.0,TGGAGTGATGCGATGA-1,4/TH
0.0,TGGCAAACTAAATTAC-1,8/V_VIa_VIb
0.0,TGGCAACTCGCGCGCC-1,2/fxs
0.0,TGGCAAGCACAAGTCG-1,10/I
0.0,TGGCAGATTACGATCA-1,11/CA3
0.0,TGGCAGCAGTAATAGT-1,11/CA3
0.0,TGGCATGAAGTTTGGG-1,1/PIR
0.0,TGGCCAAACTGAAGTA-1,3/CA1
0.0,TGGCCAATTTGGTACT-1,9/COA
0.0,TGGCCGTATATTGACC-1,4/TH
0.0,TGGCGACTGCTCCAAA-1,2/fxs
0.0,TGGCGATCAAGTTATG-1,11/CA3
0.0,TGGCTCTTGTCGCGTA-1,13/VL
0.0,TGGCTTATGTATAATG-1,1/PIR
0.0,TGGCTTTGGGTAGACA-1,12/Parafascicular nucleus
0.0,TGGGAAATGCCTTTCC-1,0/HYL
0.0,TGGGCACGTTCTATGG-1,3/CA1
0.0,TGGGCCACAAGAGCGC-1,3/CA1
0.0,TGGGCCCATACTAATT-1,5/II_III_IV
0.0,TGGGTAAGGTTCCCGC-1,3/CA1
0.0,TGGGTTCCCGGACGGA-1,7/MB
0.0,TGGTAAGCAGGATTGA-1,13/VL
0.0,TGGTAGAATATATGGG-1,10/I
0.0,TGGTCCCACGCTACGG-1,8/V_VIa_VIb
0.0,TGGTCGTGCAAGGCAA-1,9/COA
0.0,TGGTCTAGCTTACATG-1,7/MB
0.0,TGGTCTGTTGGGCGTA-1,0/HYL
0.0,TGGTGATCGTATTTGT-1,0/HYL
0.0,TGGTTAACTTACATTT-1,1/PIR
0.0,TGGTTAAGGGCGCTGG-1,10/I
0.0,TGGTTATGCTTGCGGT-1,7/MB
0.0,TGGTTCAACGGGTAAT-1,8/V_VIa_VIb
0.0,TGGTTCGTAGCAAAGG-1,0/HYL
0.0,TGGTTTAAACGTGGGT-1,5/II_III_IV
0.0,TGTAATGACCACAATA-1,2/fxs
0.0,TGTACGAACAAATCCG-1,4/TH
0.0,TGTAGGAGAAATTTCC-1,15/CA1-pyramidal layer of the hippocampus
0.0,TGTAGTGATCTATAAT-1,0/HYL
0.0,TGTATAACAGATCCTG-1,3/CA1
0.0,TGTATGGCGCAGACAG-1,6/RSP
0.0,TGTCATTTGTTGGGAA-1,6/RSP
0.0,TGTCCGTGGCGCCTTT-1,0/HYL
0.0,TGTCCTAAGTCACCGC-1,0/HYL
0.0,TGTCGTTATCACATAT-1,1/PIR
0.0,TGTGACTACGCCAGTC-1,3/CA1
0.0,TGTGAGACTAGCCCAA-1,5/II_III_IV
0.0,TGTGCCAGAGGCAAAG-1,1/PIR
0.0,TGTGCTTTACGTAAGA-1,2/fxs
0.0,TGTGGCAAAGCGTATG-1,3/CA1
0.0,TGTGGCGGGCTTCTGG-1,5/II_III_IV
0.0,TGTGGTTGCTAAAGCT-1,5/II_III_IV
0.0,TGTGTCGAAGTCGAGG-1,9/COA
0.0,TGTGTCGCGAGTTGCA-1,4/TH
0.0,TGTGTGACCATGAATC-1,9/COA
0.0,TGTGTTCGTATCCAAG-1,0/HYL
0.0,TGTTATTGTATGTGGC-1,8/V_VIa_VIb
0.0,TGTTCATAAATGTGCT-1,7/MB
0.0,TGTTCCGCTTCCATGA-1,2/fxs
0.0,TGTTCGTATTGCGGTG-1,11/CA3
0.0,TGTTCTTCCATTGACT-1,4/TH
0.0,TGTTGTCAAGAAGTCT-1,3/CA1
0.0,TGTTTCGGTACTTCTC-1,7/MB
0.0,TGTTTCTGAAGCGTGC-1,10/I
0.0,TTAAACCTGGTTCCTT-1,7/MB
0.0,TTAAACTCGAATTCAT-1,8/V_VIa_VIb
0.0,TTAACACCTCGAACAT-1,0/HYL
0.0,TTAACCAACCCTCCCT-1,7/MB
0.0,TTAACGAACAAGCAGT-1,5/II_III_IV
0.0,TTAACGTTAAAGCCTG-1,9/COA
0.0,TTAACTCACGCGTGGA-1,7/MB
0.0,TTAAGATAGGATTGAC-1,5/II_III_IV
0.0,TTAAGCCGACAACTTC-1,13/VL
0.0,TTAAGCGCCTGACCCA-1,4/TH
0.0,TTAAGGCCCGTACTTT-1,1/PIR
0.0,TTAATCAGTACGTCAG-1,6/RSP
0.0,TTAATGTAGACCAGGT-1,3/CA1
0.0,TTAATGTGTTTGCAGG-1,7/MB
0.0,TTAATTTCAGACGCGG-1,3/CA1
0.0,TTACAACTACGCATCC-1,12/Parafascicular nucleus
0.0,TTACAGACCTAAATGA-1,8/V_VIa_VIb
0.0,TTACATCGTGGCCTGG-1,12/Parafascicular nucleus
0.0,TTACATGCCACAACTA-1,5/II_III_IV
0.0,TTACCATTGATTACCC-1,0/HYL
0.0,TTACCCATTGCCGGGT-1,2/fxs
0.0,TTACCCTAACAGTCCT-1,0/HYL
0.0,TTACCCTAGGGATTGG-1,6/RSP
0.0,TTACCGCCTTAGGGAA-1,7/MB
0.0,TTACGGATGGTTCGAG-1,8/V_VIa_VIb
0.0,TTACTAAAGGACTTTA-1,8/V_VIa_VIb
0.0,TTACTATCGGCTTCTC-1,2/fxs
0.0,TTACTCCGGCCGGGAA-1,3/CA1
0.0,TTACTCTGGTACGTAC-1,2/fxs
0.0,TTACTGGGATATTTCA-1,11/CA3
0.0,TTACTGTCTAGAGCTC-1,5/II_III_IV
0.0,TTAGAAGAACATGACT-1,8/V_VIa_VIb
0.0,TTAGAATAAGGGTCGG-1,1/PIR
0.0,TTAGACACGATCGTTG-1,6/RSP
0.0,TTAGACGAGTCACCTC-1,8/V_VIa_VIb
0.0,TTAGAGGGATATACAG-1,1/PIR
0.0,TTAGAGTTTAGAAGGA-1,6/RSP
0.0,TTAGATAGGTCGATAC-1,7/MB
0.0,TTAGCAACATGGATGT-1,12/Parafascicular nucleus
0.0,TTAGCTAATACGATCT-1,8/V_VIa_VIb
0.0,TTAGCTCTGTAATCCG-1,0/HYL
0.0,TTAGCTGATTTGCCGT-1,6/RSP
0.0,TTAGGTCATAACCGAC-1,1/PIR
0.0,TTAGTAGGGCGGCGGG-1,0/HYL
0.0,TTAGTTATTCGTGGCA-1,5/II_III_IV
0.0,TTAGTTCAAGTGTTCG-1,6/RSP
0.0,TTATAGGTAATTGTCT-1,10/I
0.0,TTATATACGCTGTCAC-1,3/CA1
0.0,TTATATTTGGCAATCC-1,0/HYL
0.0,TTATCCAATCGAACTC-1,7/MB
0.0,TTATCCGGGATCTATA-1,5/II_III_IV
0.0,TTATCCTCAAGGAATA-1,9/COA
0.0,TTATCGCCTGCGAAGC-1,0/HYL
0.0,TTATCTGACATTAGGA-1,9/COA
0.0,TTATCTGTATCATAAC-1,0/HYL
0.0,TTATGAATGAAAGGGA-1,11/CA3
0.0,TTATGACAAACTGGAT-1,4/TH
0.0,TTATGATCTTAACGAA-1,15/CA1-pyramidal layer of the hippocampus
0.0,TTATGTTTGCGATAGA-1,0/HYL
0.0,TTATTAGAGCGTGTTC-1,3/CA1
0.0,TTATTAGGGAAGCATC-1,7/MB
0.0,TTATTTAGGTTCCTTA-1,1/PIR
0.0,TTCAAAGTCTCTAGCC-1,3/CA1
0.0,TTCAACGACCCGACCG-1,12/Parafascicular nucleus
0.0,TTCAATACTCTGAATC-1,2/fxs
0.0,TTCACGAAAGGATCAC-1,4/TH
0.0,TTCACTCGAGCACCTA-1,6/RSP
0.0,TTCACTTCCTAGAACG-1,10/I
0.0,TTCAGCCCTGGTCCAC-1,6/RSP
0.0,TTCAGTTTGTGGCAGC-1,0/HYL
0.0,TTCATAGGGTGTCCAT-1,7/MB
0.0,TTCATGGCGCAACAGG-1,6/RSP
0.0,TTCCAATCAGAGCTAG-1,2/fxs
0.0,TTCCAATCTGGCTATC-1,11/CA3
0.0,TTCCACACAGATTTGA-1,11/CA3
0.0,TTCCATCATGCGGTGA-1,6/RSP
0.0,TTCCCGGCGCCAATAG-1,9/COA
0.0,TTCCGCAGAGAAATAT-1,8/V_VIa_VIb
0.0,TTCCGCGTGAGGCGAT-1,11/CA3
0.0,TTCCGGCCTTGAGGCT-1,2/fxs
0.0,TTCCGGTTACCCACTT-1,8/V_VIa_VIb
0.0,TTCCTCGAGGGTGTCT-1,12/Parafascicular nucleus
0.0,TTCCTCGGACTAACCA-1,5/II_III_IV
0.0,TTCCTCTGCCCGAATA-1,2/fxs
0.0,TTCCTTTCTGTGTTGC-1,7/MB
0.0,TTCGACAGAGCCCGTG-1,8/V_VIa_VIb
0.0,TTCGACGGGAAGGGCG-1,4/TH
0.0,TTCGCACTCGCGTGCT-1,4/TH
0.0,TTCGCACTGTACGACA-1,5/II_III_IV
0.0,TTCGCATCCGGAAGCA-1,7/MB
0.0,TTCGCCGCTCGCGCTA-1,1/PIR
0.0,TTCGCGCGCCATACGA-1,8/V_VIa_VIb
0.0,TTCGCTATCTGACGTG-1,8/V_VIa_VIb
0.0,TTCGGCAACCCGCTGA-1,6/RSP
0.0,TTCGGCTAGAGATGGT-1,7/MB
0.0,TTCGGGACTAATCGCG-1,3/CA1
0.0,TTCGGGCGCTAGTCTT-1,2/fxs
0.0,TTCGTACTCCAGAACG-1,2/fxs
0.0,TTCGTTCAACGAAGTT-1,6/RSP
0.0,TTCTAACCGAAGCTTA-1,2/fxs
0.0,TTCTACTTGCGAGGGC-1,12/Parafascicular nucleus
0.0,TTCTAGAAAGTCTTAT-1,1/PIR
0.0,TTCTAGGCCAATTGTG-1,12/Parafascicular nucleus
0.0,TTCTATTAAACGCAGC-1,10/I
0.0,TTCTCTTACAGGTGAT-1,10/I
0.0,TTCTGACCGGGCTCAA-1,5/II_III_IV
0.0,TTCTGCCGCGCCTAGA-1,2/fxs
0.0,TTCTGCGAGCGCCCTT-1,2/fxs
0.0,TTCTGCGGGTTAGCGG-1,15/CA1-pyramidal layer of the hippocampus
0.0,TTCTGCTAGACTCCAA-1,6/RSP
0.0,TTCTGTTTCCTGTCGC-1,0/HYL
0.0,TTCTTAGTGAACGGTG-1,12/Parafascicular nucleus
0.0,TTCTTAGTGGCTCAGA-1,7/MB
0.0,TTCTTGAGCCGCGCTA-1,11/CA3
0.0,TTCTTGGACGATCTGC-1,2/fxs
0.0,TTCTTGGAGTAATGAG-1,6/RSP
0.0,TTCTTGTAACCTAATG-1,12/Parafascicular nucleus
0.0,TTCTTGTGTCCATCAG-1,2/fxs
0.0,TTCTTTGGTCGCGACG-1,6/RSP
0.0,TTGAACGAATCCTTTG-1,0/HYL
0.0,TTGAAGAATTCCCAGG-1,4/TH
0.0,TTGAAGGATGGGCGCC-1,1/PIR
0.0,TTGAATATGGACTTTC-1,3/CA1
0.0,TTGAATCGTTGTATAA-1,9/COA
0.0,TTGAATTCACGTGAGG-1,6/RSP
0.0,TTGACAGGAGCTCCCG-1,5/II_III_IV
0.0,TTGACATGAACGTGGA-1,2/fxs
0.0,TTGACCATGTTCTCCG-1,3/CA1
0.0,TTGACCGTGTTAATGA-1,3/CA1
0.0,TTGACGCTCCATGAGC-1,5/II_III_IV
0.0,TTGACTACCATATGGT-1,0/HYL
0.0,TTGAGAAGTTTAGCAT-1,10/I
0.0,TTGAGAGTACTGCTAA-1,2/fxs
0.0,TTGATAGTCAATACAT-1,10/I
0.0,TTGATCTAACTTTGTC-1,4/TH
0.0,TTGATGTGTAGTCCCG-1,2/fxs
0.0,TTGATTAGCTGTTTCT-1,3/CA1
0.0,TTGATTATGCAGATGA-1,4/TH
0.0,TTGCACAATTCAGAAA-1,11/CA3
0.0,TTGCACGGAGCAGCAC-1,0/HYL
0.0,TTGCATGCTGATCACG-1,0/HYL
0.0,TTGCCATAGCCCGCTC-1,9/COA
0.0,TTGCCCTGATCACGGG-1,0/HYL
0.0,TTGCCGCAGACCTACA-1,1/PIR
0.0,TTGCGCTCTCTCGCTT-1,7/MB
0.0,TTGCGGCATCAGAAAG-1,3/CA1
0.0,TTGCGTAGTTTGAGGA-1,0/HYL
0.0,TTGCGTCGGCCAACCG-1,11/CA3
0.0,TTGCGTGAACGCTTAG-1,3/CA1
0.0,TTGCTCCCATACCGGA-1,3/CA1
0.0,TTGCTGAAGGAACCAC-1,0/HYL
0.0,TTGCTGATCATGTTCG-1,4/TH
0.0,TTGCTGCACCTATCCA-1,0/HYL
0.0,TTGGACATGTGGCTTA-1,2/fxs
0.0,TTGGACCTATAACAGT-1,10/I
0.0,TTGGATATCGTCTACG-1,11/CA3
0.0,TTGGATTGGGTACCAC-1,7/MB
0.0,TTGGCCATCTTGCGCT-1,7/MB
0.0,TTGGCCTAGAATTTCG-1,2/fxs
0.0,TTGGCTCGCATGAGAC-1,12/Parafascicular nucleus
0.0,TTGGGACACTGCCCGC-1,3/CA1
0.0,TTGGGCGGCGGTTGCC-1,14/DG
0.0,TTGGTCACACTCGTAA-1,11/CA3
0.0,TTGGTTGCGGTGCGCG-1,9/COA
0.0,TTGTAAGGACCTAAGT-1,2/fxs
0.0,TTGTAAGGCCAGTTGG-1,3/CA1
0.0,TTGTAATCCGTACTCG-1,4/TH
0.0,TTGTACACCTCGAACA-1,1/PIR
0.0,TTGTCACCGCGGTATC-1,1/PIR
0.0,TTGTCGTTCAGTTACC-1,0/HYL
0.0,TTGTGAGGCATGACGC-1,13/VL
0.0,TTGTGCAGCCACGTCA-1,5/II_III_IV
0.0,TTGTGCGGAAGCGGAT-1,10/I
0.0,TTGTGGCCCTGACAGT-1,0/HYL
0.0,TTGTGGTAGGAGGGAT-1,13/VL
0.0,TTGTGTATGCCACCAA-1,8/V_VIa_VIb
0.0,TTGTGTTTCCCGAAAG-1,2/fxs
0.0,TTGTTAGCAAATTCGA-1,12/Parafascicular nucleus
0.0,TTGTTCAGTGTGCTAC-1,0/HYL
0.0,TTGTTCTAGATACGCT-1,7/MB
0.0,TTGTTGTGTGTCAAGA-1,3/CA1
0.0,TTGTTTCACATCCAGG-1,1/PIR
0.0,TTGTTTCATTAGTCTA-1,1/PIR
0.0,TTGTTTCCATACAACT-1,9/COA
